"sampleobsbase_id";"sampleobsbase_key";"label_en";"name_en";"label_nl";"name_nl";"molweight_grampermol"
35720;"BDNF";"";"BDNF";"";"BDNF";
35721;"Kisspeptine 54";"";"Kisspeptine 54";"";"Kisspeptine 54";
35722;"N-(2-Carbamoyl-2-hydroxyethyl)valine";"GAVal";"N-(2-Carbamoyl-2-hydroxyethyl)valine";"GAVal";"N-(2-carbamoyl-2-hydroxyethyl)valine";
35723;"N-(2-Carbamoylethyl)valine";"AAVal";"N-(2-Carbamoylethyl)valine";"AAVal";"N-(2-Carbamoylethyl)valine";
35724;"N-Acetyl-S-(2-carbamoyl-2-hydroxyethyl)cysteine";"GAMA";"N-Acetyl-S-(2-carbamoyl-2-hydroxyethyl)cysteine";"GAMA";"N-Acetyl-S-(2-carbamoyl-2-hydroxyethyl)cysteïne";
35725;"N-acetyl-S-(2-carbamoyl-ethyl)cysteine";"AAMA";"N-acetyl-S-(2-carbamoyl-ethyl)cysteine";"AAMA";"N-acetyl-S-(2-carbamoyl-ethyl)cysteine";
35726;"N-acetyl-S-(2-carbamoyl-ethyl)-L-cysteine-sulfoxide";"AAMA-sulf";"N-acetyl-S-(2-carbamoyl-ethyl)-L-cysteine-sulfoxide";"AAMA-sulf";"N-acetyl-S-(2-carbamoyl-ethyl)-L-cysteine-sulfoxide";
35727;"Cotinine";"";"Cotinine";"Cotinine";"Cotinine";
35728;"2,3-Dichloroaniline";"2,3DChA";"2,3-Dichloroaniline";"";"2,3-dichlooraniline";162.01
35729;"2,4-Dichloroaniline";"2,4DChA";"2,4-Dichloroaniline";"";"2,4-dichlooraniline";
35730;"2,5-Dichloroaniline";"2,5DChA";"2,5-Dichloroaniline";"";"2,5-dichlooraniline";
35731;"2,6-Dichloroaniline";"2,6 DChA";"2,6-Dichloroaniline";"";"2,6-dichlooraniline";
35732;"2,6-Diisopropylaniline";"DIPA";"2,6-Diisopropylaniline";"";"2,6-diisopropylaniline";
35733;"3-Aminobiphenyl";"3ABPH";"3-Aminobiphenyl";"";"3-Aminobifenyl";
35734;"3-Trifluormethoxyaniline";"3TFMA";"3-Trifluormethoxyaniline";"";"3-Trifluormethoxyaniline";
35735;"4,4'-methylenebis(2-chloroaniline)";"MOCA";"4,4'-methylenebis(2-chloroaniline)";"";"4,4'-methyleenbis(2-chlooraniline)";
35736;"4-Aminobiphenyl";"4ABPH";"4-Aminobiphenyl";"";"4-Aminobifenyl";
35737;"4-Ethylaniline";"EtA";"4-Ethylaniline";"";"4-Ethylaniline";
35738;"4-Isopropylaniline";"IPA";"4-Isopropylaniline";"";"4-isopropylaniline";
35739;"4-Methyl-m-phenylenediamine";"PDA";"4-Methyl-m-phenylenediamine";"";"4-Methyl-m-fenyleendiamine";
35740;"4-Trifluormethoxyaniline";"4TFMA";"4-Trifluormethoxyaniline";"";"4-Trifluormethoxyaniline";
35741;"Aniline";"Aniline";"Aniline";"";"Aniline";
35742;"Meta-Chloroaniline";"meta-Cha";"Meta-Chloroaniline";"";"Meta-Chlooraniline";
35743;"Meta-Fluoroaniline";"meta-FA";"Meta-Fluoroaniline";"";"Meta-fluoraniline";
35744;"N-acetyl 4,4'-methylenebis (2-chloroaniline)";"acetyl-MOCA";"N-acetyl 4,4'-methylenebis (2-chloroaniline)";"";"N-acetyl 4,4'-methylenebis (2-chloroaniline)";
35745;"N-acetyl-2-aminophenol";"NA2AP";"N-acetyl-2-aminophenol";"";"N-acetyl-2-aminofenol";
35746;"N-acetyl-4-aminophenol";"NA4AP";"N-acetyl-4-aminophenol";"";"N-acetyl-4-aminofenol";
35747;"N-Phenylacetamide";"ACA";"N-Phenylacetamide";"";"N-Phenylacetamide";
35748;"Ortho-Chloroaniline";"ortho-ChA";"Ortho-Chloroaniline";"";"Ortho-Chlooraniline";
35749;"Ortho-Fluoroaniline";"ortho-FA";"Ortho-Fluoroaniline";"";"Ortho-fluoraniline";
35750;"Ortho-toluidine";"o-toluidine";"Ortho-toluidine";"";"Ortho-toluïdine";
35751;"P-aminophenol";"p-aminophenol";"P-aminophenol";"";"P-aminofenol";
35752;"Para-Chloroaniline";"para-Cha";"Para-Chloroaniline";"";"Para-Chlooraniline";
35753;"Para-Fluoroaniline";"para-FA";"Para-Fluoroaniline";"";"Para-fluoraniline";
35754;"Para-toluidine";"p-toluidine";"Para-toluidine";"";"Para-toluïdine";
35755;"2,4-toluenediamine";"2,4 TDA";"2,4-toluenediamine";"";"2,4-tolueendiamine";
35756;"2,6-toluenediamine";"2,6 TDA";"2,6-toluenediamine";"";"2,6-tolueendiamine";
35757;"4,4'-methylenedianiline";"MDA";"4,4'-methylenedianiline";"";"4,4'-methyleendianiline";
35758;"3,4-Dichloroaniline";"3,4DChA";"3,4-Dichloroaniline";"3,4-DCA";"3,4-Dichlooraniline";
35759;"3,5-Dichloroaniline";"3,5DChA";"3,5-Dichloroaniline";"3,5-DCA";"3,5-Dichloroaniline";
35760;"2-hydroxy-N-ethylsuccinimide";"2-HESI";"2-hydroxy-N-ethylsuccinimide";"";"2-hydroxy-N-ethylsuccinimide";
35761;"2-hydroxy-N-methylsuccinimide";"2-HMSI";"2-hydroxy-N-methylsuccinimide";"";"2-hydroxy-N-methylsuccinimide";
35762;"5-hydroxy-N-ethyl-2-pyrrolidone";"5-HNEP";"5-hydroxy-N-ethyl-2-pyrrolidone";"";"5-hydroxy-N-ethyl-2-pyrrolidon";
35763;"5-hydroxy-N-methyl-2-pyrrolidone";"5-HNMP";"5-hydroxy-N-methyl-2-pyrrolidone";"";"5-hydroxy-N-methyl-2-pyrrolidon";
35764;"N-Acetyl-S-(N-methylcarbamoyl)cysteine";"AMCC";"N-Acetyl-S-(N-methylcarbamoyl)cysteine";"";"N-Acetyl-S-(N-methylcarbamoyl)cysteine";
35765;"N-hydroxymethyl-N-methylacetamide";"DMAC-OH";"N-hydroxymethyl-N-methylacetamide";"";"N-hydroxymethyl-N-methylacetamide";
35766;"N-methylacetamide";"NMAC";"N-methylacetamide";"";"N-methylacetamide";
35767;"N-methylformamide";"NMF";"N-methylformamide";"";"N-methylformamide";
35768;"S-(acetamidomethyl) mercapturic acid";"AMMA";"S-(acetamidomethyl) mercapturic acid";"";"S-(acetamidomethyl) mercapturic acid";
35769;"Bisphenol A";"BPA";"Bisphenol A";"BPA";"Bisfenol A";
35770;"Bisphenol AF";"BPAF";"Bisphenol AF";"BPAF";"Bisfenol AF";
35771;"Bisphenol B";"BPB";"Bisphenol B";"BPB";"Bisfenol B";
35772;"Bisphenol C";"BPC";"Bisphenol C";"BPC";"Bisfenol C";
35773;"Bisphenol F";"BPF";"Bisphenol F";"BPF";"Bisfenol F";
35774;"Bisphenol S";"BPS";"Bisphenol S";"BPS";"Bisfenol S";
35775;"Bisphenol Z";"BPZ";"Bisphenol Z";"BPZ";"Bisfenol Z";
35776;"(cytotox.) T cells";"CD8+";"(cytotox.) T cells";"CD8+";"(cytotox.) T cellen";
35777;"(helper) T cells";"CD4+";"(helper) T cells";"CD4+";"(helper) T cellen";
35778;"Basophils";"Baso";"Basophils";"Baso";"Basofielen";
35779;"Eosinophils";"Eosino";"Eosinophils";"Eosino";"Eosinofielen";
35780;"Erythrocytes";"";"Erythrocytes";"";"Erytrocyten";
35781;"Fake B cells";"CD19+";"Fake B cells";"";"Nep B cellen";
35782;"Glycated haemoglobin";"HbA1c";"Glycated haemoglobin";"";"Hemoglobine A1c";
35783;"Hematocrit";"";"Hematocrit";"HCT";"Hematocriet";
35784;"Hemoglobin";"";"Hemoglobin";"HB";"Hemoglobine";
35785;"Index hemolysis";"";"Index hemolysis";"Hemolyse";"Index hemolyse";
35786;"Index icterie";"";"Index icterie";"Icterie";"Index icterie (Bilirubine is het belangrijkste afbraakproduct van de heem-ring van het hemoglobine)";
35787;"Index lipemia";"";"Index lipemia";"Lipemie";"Index lipemie";
35788;"Leukocytes";"Leuko";"Leukocytes";"Leuko";"Leukocyten";
35789;"Lymphocytes";"Lympho";"Lymphocytes";"Lympho";"Lymfocyten";
35790;"Mean Corpuscular Hemoglobin";"";"Mean Corpuscular Hemoglobin";"MCH";"Mean Corpuscular Hemoglobin (Average hemoglobine level in erythrocytes)";
35791;"Mean Corpuscular Hemoglobin Concentration";"";"Mean Corpuscular Hemoglobin Concentration";"MCHC";"Mean Corpuscular Hemoglobin Concentration (Average hemoglobine concentration in erythrocytes)";
35792;"Mean Corpuscular Volume (average volume of the erythrocytes)";"";"Mean Corpuscular Volume (average volume of the erythrocytes)";"MVC";"Gemiddeld corpusculair volume (gemiddeld volume van de erytrocyten)";
35793;"Monocytes";"Monocy";"Monocytes";"Monocy";"Monocyten";
35794;"Morphology RBC / WBC / PLT";"";"Morphology RBC / WBC / PLT";"Morfologie";"Morfologie rode, witte bloedcellen en bloedplaatjes (RBC/WBC/PLT)";
35795;"Natural killer cells";"CD3-/CD56+";"Natural killer cells";"";"Natural killer cellen";
35796;"Neutrophil segments";"Neutro";"Neutrophil segments";"Neutro";"Neutrofiele segmenten";
35797;"Platelet function test";"";"Platelet function test";"PFA";"Bloedplaatjesfunctie analyse";
35798;"Red Cell Distribution Width (Relative distribution width (degree of variation in the volume (MCV) of the red blood cells))";"";"Red Cell Distribution Width (Relative distribution width (degree of variation in the volume (MCV) of the red blood cells))";"RDW";"Relatieve distributiewijdte (mate van variatie in het volume (MCV) van de rode bloedcellen)";
35799;"Reticulocytes";"";"Reticulocytes";"Reticulocyt";"Reticulocyten";
35800;"Segment kernels total";"";"Segment kernels total";"Segmentkernig_tot";"Segmentkernigen totaal";
35801;"T cells";"CD3+";"T cells";"CD3+";"T cellen";
35802;"Thrombocytes";"Thrombo";"Thrombocytes";"Thrombo";"Trombocyten";
35803;"Apolipoprotein A";"APOA";"Apolipoprotein A";"APOA";"Apolipoproteine A";
35804;"Apolipoprotein B";"";"Apolipoprotein B";"";"Apolipoprotein B";
35805;"Apolipoprotein-A1";"APOB";"Apolipoprotein-A1";"APOB";"Apolipoproteine B";
35806;"Blood lipid by enzymatic calculation but calculation not specified";"";"Blood lipid by enzymatic calculation but calculation not specified";"";"Bloedlipiden door enzymatische berekening maar berekening niet gespecificeerd";
35807;"Cholesterol";"CHOL";"Cholesterol";"CHOL";"Cholesterol";
35808;"Gravimetric fat";"";"Gravimetric fat";"";"Gravimetrisch vetgehalte";
35809;"HDL cholesterol";"";"HDL cholesterol";"";"HDL cholesterol";
35810;"LDL cholesterol";"";"LDL cholesterol";"";"LDL cholesterol";
35811;"Lipoprotein A";"";"Lipoprotein A";"";"Lipoprotein A";
35812;"Triglycerides";"";"Triglycerides";"";"Triglyceriden";
35813;"Average black carbon load";"BC";"Average black carbon load";"BC";"Gemiddelde aantal koolstofdeeltjes";
35814;"Triclocarban (3-(4-Chlorophenyl)-1-(3,4-dichlorophenyl)urea)";"";"Triclocarban (3-(4-Chlorophenyl)-1-(3,4-dichlorophenyl)urea)";"";"Triclocarban";
35815;"Triclosan";"";"Triclosan";"";"Triclosan";
35816;"Mitochondrial DNA";"";"Mitochondrial DNA";"MTDNA";"Mitochondriaal DNA";
35817;"Relative telomere length (telomere/nuclear DNA) in blood";"Relatieve telomeerlengte (telomeer/nucleair DNA) in bloed";"Relative telomere length (telomere/nuclear DNA) in blood";"";"Relatieve telomeerlengte (telomeer/nucleair DNA) in bloed";
35818;"Telomere Length (TEL) copy number variations normalized values to RPLP0 gene";"TEL";"Telomere Length (TEL) copy number variations normalized values to RPLP0 gene";"TEL";"Telomeer lengte";
35819;"Carcino Embryonal Antigen";"";"Carcino Embryonal Antigen";"CEA";"Carcino-embryonaal antigen";
35820;"Prostate Specific Antigen";"";"Prostate Specific Antigen";"PSA";"PSA (Prostaat Specifiek Antigeen) waarde bij mannen";
35821;"Tumor suppressor p53";"";"Tumor suppressor p53";"P53";"Celrijpingsmerker p53";
35822;"Cyclohexane-1,2-dicarboxylate-mono-(7-carboxylate-4-methyl)heptyl ester";"cx-MINCH";"Cyclohexane-1,2-dicarboxylate-mono-(7-carboxylate-4-methyl)heptyl ester";"cx-MINCH";"Cyclohexane-1,2-dicarboxylate-mono-(7-carboxylate-4-methyl) heptylester";328.4
35823;"Cyclohexane-1,2-dicarboxylate-mono-(7-hydroxy-4-methyl)octyl ester";"OH-MINCH";"Cyclohexane-1,2-dicarboxylate-mono-(7-hydroxy-4-methyl)octyl ester";"OH-MINCH";"Cyclohexane-1,2-dicarboxylate-mono-(7-hydroxy-4-methyl)octyl ester";314.42
35824;"Cyclohexane-1,2-dicarboxylate-mono-(7-oxo-4-methyl)octyl ester";"oxo-MINCH";"Cyclohexane-1,2-dicarboxylate-mono-(7-oxo-4-methyl)octyl ester";"oxo-MINCH";"Cyclohexane-1,2-dicarboxylate-mono-(oxo-isononyl) ester";
35825;"Cyclohexane-1,2-dicarboxylic acid mono-isononyl ester";"MINCH";"Cyclohexane-1,2-dicarboxylic acid mono-isononyl ester";"MINCH";"Cyclohexane-1,2-dicarboxylate-mono-4-methyloctyl ester";
35826;"1,2,3,4,6,7,8-Heptachlorodibenzo-p-dioxin";"1,2,3,4,6,7,8-HpCDD";"1,2,3,4,6,7,8-Heptachlorodibenzo-p-dioxin";"";"1,2,3,4,6,7,8-heptachloordibenzo-p-dioxine";
35827;"1,2,3,4,7,8-Hexachlorodibenzo-p-dioxin";"1,2,3,6,7,8-HxCDD";"1,2,3,4,7,8-Hexachlorodibenzo-p-dioxin";"";"1,2,3,4,7,8-hexachloordibenzo-p-dioxine";
35828;"1,2,3,6,7,8-Hexachlorodibenzo-p-dioxin";"1,2,3,4,7,8-HxCDD";"1,2,3,6,7,8-Hexachlorodibenzo-p-dioxin";"";"1,2,3,6,7,8-hexachloordibenzo-p-dioxine";
35829;"1,2,3,7,8,9-Hexachlorodibenzo-p-dioxin";"1,2,3,7,8,9-HxCDD";"1,2,3,7,8,9-Hexachlorodibenzo-p-dioxin";"";"1,2,3,7,8,9-hexachloordibenzo-p-dioxine";
35830;"1,2,3,7,8-Pentachlorodibenzo-p-dioxin";"1,2,3,7,8-PeCDD";"1,2,3,7,8-Pentachlorodibenzo-p-dioxin";"";"1,2,3,7,8-pentachloordibenzo-p-dioxine";
35831;"2,3,7,8-tetrachlorodibenzodioxin";"2,3,7,8-TCDD";"2,3,7,8-tetrachlorodibenzodioxin";"2,3,7,8-TCDD";"2,3,7,8-tetrachloordibenzo-p-dioxine";
35832;"Octachlorodibenzodioxin";"OCDD";"Octachlorodibenzodioxin";"";"Octachloordibenzodioxine";
35833;"HIstone modification AR (Androgen receptor): normalised expression compared to RPLP0";"";"HIstone modification AR (Androgen receptor): normalised expression compared to RPLP0";"";"HIstone-modificatie AR (androgeenreceptor): genormaliseerde expressie in vergelijking met RPLP0";
35834;"HIstone modification ESR1 (Estrogen receptor alfa): normalised expression compared to RPLP0";"";"HIstone modification ESR1 (Estrogen receptor alfa): normalised expression compared to RPLP0";"";"HIstone-modificatie ESR1 (oestrogeenreceptor alfa): genormaliseerde expressie in vergelijking met RPLP0";
35835;"HIstone modification ESR2 (Estrogen receptor beta): normalised expression compared to RPLP0";"";"HIstone modification ESR2 (Estrogen receptor beta): normalised expression compared to RPLP0";"";"HIstone-modificatie ESR2 (oestrogeenreceptor bèta): genormaliseerde expressie in vergelijking met RPLP0";
35836;"HIstone modification GR (nuclear receptor subfamily 3 group C member 1/ glucocorticoid receptor): normalised expression compared to RPLP0";"";"HIstone modification GR (nuclear receptor subfamily 3 group C member 1/ glucocorticoid receptor): normalised expression compared to RPLP0";"";"HIstone modificatie GR (nucleaire receptor subfamilie 3 groep C lid 1/glucocorticoïde receptor): genormaliseerde expressie in vergelijking met RPLP0";
35837;"HIstone modification OGG1 (8-oxoguanine DNA glycosylase): normalised expression compared to RPLP0";"";"HIstone modification OGG1 (8-oxoguanine DNA glycosylase): normalised expression compared to RPLP0";"";"HIstone modificatie OGG1 (8-oxoguanine DNA glycosylase): genormaliseerde expressie in vergelijking met RPLP0";
35838;"HIstone modification PPARa (peroxisome proliferator activated receptor alpha): normalised expression compared to RPLP0";"";"HIstone modification PPARa (peroxisome proliferator activated receptor alpha): normalised expression compared to RPLP0";"";"HIstone modificatie PPARa (peroxisoom proliferator geactiveerde receptor alfa): genormaliseerde expressie in vergelijking met RPLP0";
35839;"HIstone modification PPARg (peroxisome proliferator activated receptor gamma): normalised expression compared to RPLP0";"";"HIstone modification PPARg (peroxisome proliferator activated receptor gamma): normalised expression compared to RPLP0";"";"HIstone modificatie PPARg (peroxisoom proliferator geactiveerde receptor gamma): genormaliseerde expressie in vergelijking met RPLP0";
35840;"HIstone modification SUV39H1 (SUV39H1 histone lysine methyltransferase): normalised expression compared to RPLPO";"";"HIstone modification SUV39H1 (SUV39H1 histone lysine methyltransferase): normalised expression compared to RPLPO";"";"HIstone modificatie SUV39H1 (SUV39H1 histon lysine methyltransferase): genormaliseerde expressie vergeleken met RPLPO";
35841;"HIstone modification TERT (Telomerase): normalised expression compared to RPLP0";"";"HIstone modification TERT (Telomerase): normalised expression compared to RPLP0";"";"HIstone-modificatie TERT (telomerase): genormaliseerde expressie in vergelijking met RPLP0";
35842;"Retroelement LINE L1 copy number variation normalized values to RPLP0 gene";"";"Retroelement LINE L1 copy number variation normalized values to RPLP0 gene";"";"Retroelement LINE L1 kopieeraantalvariatie genormaliseerde waarden voor RPLP0-gen";
35843;"Ferritine";"";"Ferritine";"FER";"Ferritine";
35844;"1,2 bis(2,4,6-tribromophenoxy)ethane";"BTBPE";"1,2 bis(2,4,6-tribromophenoxy)ethane";"";"1,2-bis(2,4,6-tribroomfenoxy)ethaan";
35845;"1,2,2,2-tetrabromoethylcyclohexane";"1,2,2,2-TBECH";"1,2,2,2-tetrabromoethylcyclohexane";"";"1,2,2,2-tetrabroomethylcyclohexaan";
35846;"1,2,5,6-tetrabromocyclooctane";"TBCO";"1,2,5,6-tetrabromocyclooctane";"";"1,2,5,6-tetrabroomcyclooctaan";
35847;"1,3,5-Tribromo-2-(2,3-dibromopropyl)benzene";"DPTE";"1,3,5-Tribromo-2-(2,3-dibromopropyl)benzene";"";"1,3,5-tribroom-2-(2,3-dibroompropyl)benzeen";
35848;"1-hydroxy-2propyl bis (1-chloro-2-propyl) phosphate";"BCIPHIPP";"1-hydroxy-2propyl bis (1-chloro-2-propyl) phosphate";"BCIPHIPP";"Bis-2-chloroisopropyl-fosfaat";
35849;"2,2',3,3',4,4',5,6'-Octabromodiphenyl ether";"BDE-196";"2,2',3,3',4,4',5,6'-Octabromodiphenyl ether";"BDE-196";"2,2',3,3',4,4',5,6'-octabroomdifenylether";
35850;"2,2',3,3',4,4',6,6'-Octabromodiphenyl ether";"BDE-197";"2,2',3,3',4,4',6,6'-Octabromodiphenyl ether";"BDE-197";"2,2',3,3',4,4',6,6'-octabroomdifenylether";
35851;"2,2',3,4,4',5,5',6-Octabromodiphenyl ether";"BDE-203";"2,2',3,4,4',5,5',6-Octabromodiphenyl ether";"BDE-203";"2,2',3,4,4',5,5',6-Octabroomdifenylether";
35852;"2,3,4,5-tetrabromo benzoic acid";"TBBA";"2,3,4,5-tetrabromo benzoic acid";"";"2,3,4,5-tetrabroombenzoëzuur";
35853;"2,3,5,6-tetrabromo-p-xylene";"TBX";"2,3,5,6-tetrabromo-p-xylene";"";"2,3,5,6-tetrabroom-p-xyleen";
35854;"2,4,6-Tribromophenol";"2,4,6-TBP";"2,4,6-Tribromophenol";"";"2,4,6-tribroomfenol";
35855;"2,4-Dibromophenol";"2,4-DBP";"2,4-Dibromophenol";"";"2,4-dibroomfenol";
35856;"2-ethyl-5-hydroxyhexyl diphenyl phosphate";"5-HO-EHDPHP";"2-ethyl-5-hydroxyhexyl diphenyl phosphate";"5-HO-EHDPHP";"2-ethyl-5-hydroxyhexyldifenylfosfaat";
35857;"2-ethylhexyl phenyl phosphate";"EHPHP";"2-ethylhexyl phenyl phosphate";"EHPHP";"2-ethylhexylfenylfosfaat";
35858;"2-ethylhexyl-2,3,4,5-tetrabromobenzoate";"EH-TBB";"2-ethylhexyl-2,3,4,5-tetrabromobenzoate";"";"2-ethylhexyl-2,3,4,5-tetrabroombenzoaat";
35859;"2-hydroxyethyl bis(2-butoxyethyl) phosphate";"BBOEHEP";"2-hydroxyethyl bis(2-butoxyethyl) phosphate";"BBOEHEP";"Bis(2-butoxyethyl)-(2-hydroxyethyl) fosfaat";
35860;"3-hydroxyphenyl diphenyl phosphate";"";"3-hydroxyphenyl diphenyl phosphate";"3-HO-TPHP";"3-hydroxyphenyl diphenyl phosphate";
35861;"4-hydroxyphenyl phenyl phosphate";"4-HO-DPHP";"4-hydroxyphenyl phenyl phosphate";"4-HO-DPHP";"4-hydroxyphenyl phenyl phosphate";
35862;"Anti-dechlorane plus";"Anti-DP";"Anti-dechlorane plus";"";"Anti-dechloraan plus";653.73
35863;"Bis(1,3-dichloro-2-propyl) phosphate";"BDCIPP";"Bis(1,3-dichloro-2-propyl) phosphate";"BDCIPP";"Bis-1,3-dichloro-2-propyl-fosfaat";
35864;"Bis(1-chloro-2-propyl) phosphate";"BCIPP";"Bis(1-chloro-2-propyl) phosphate";"BCIPP";"Bis(1-chloro-2-propyl) phosphate";
35865;"Bis(2-butoxyethyl) 3-hydroxy-2-butoxyethyl phosphate";"3-HO-TBOEP";"Bis(2-butoxyethyl) 3-hydroxy-2-butoxyethyl phosphate";"3-HO-TBOEP";"Bis(2-butoxyethyl) 3-hydroxy-2-butoxyethylfosfaat";
35866;"Bis(2-butoxyethyl) phosphate";"BBOEP";"Bis(2-butoxyethyl) phosphate";"BBOEP";"Bis-2-butoxyethyl-fosfaat";
35867;"Bis(2-chloroethyl) phosphate";"BCEP";"Bis(2-chloroethyl) phosphate";"";"Bis(2-chloorethyl)fosfaat";
35868;"Bis(2-ethylhexyl) phosphate";"BEHP";"Bis(2-ethylhexyl) phosphate";"BEHP";"Bis(2-ethylhexyl)fosfaat";
35869;"Bis(2-ethylhexyl)-3,4,5,6-tetrabromophthalate";"BEH-TEBP";"Bis(2-ethylhexyl)-3,4,5,6-tetrabromophthalate";"";"Bis(2-ethylhexyl)-3,4,5,6-tetrabroomftalaat";
35870;"Decabromodiphenylethane";"DBDPE";"Decabromodiphenylethane";"";"Decabroomdifenylethaan";
35871;"Dechlorane 602";"Dec602";"Dechlorane 602";"";"Dechloraan 602";
35872;"Dechlorane 603";"Dec603";"Dechlorane 603";"";"Dechloraan 603";
35873;"Dechlorane 604";"Dec604";"Dechlorane 604";"";"Dechloraan 604";
35874;"Di-n-butyl phosphate";"DnBP";"Di-n-butyl phosphate";"DnBP";"Di-n-butyl phosphate";
35875;"Hexabromobenzene";"HBB";"Hexabromobenzene";"";"Hexabroombenzeen";
35876;"Hexabromobiphenyl";"PBB-153";"Hexabromobiphenyl";"";"Hexabroombifenyl";
35877;"Hexabromocyclododecane alpha";"HBCDα";"Hexabromocyclododecane alpha";"";"Hexabroomcyclododecaan alfa";641.7
35878;"Hexabromocyclododecane beta";"HBCDβ";"Hexabromocyclododecane beta";"";"Hexabroomcyclododecaan beta";
35879;"Hexabromocyclododecane gamma";"HBCDγ";"Hexabromocyclododecane gamma";"";"Hexabroomcyclododecaan-gamma";641.7
35880;"Hexachlorocyclopentadienyl-dibromocyclooctane";"HCDBCO";"Hexachlorocyclopentadienyl-dibromocyclooctane";"";"Hexachloorcyclopentadienyl-dibroomcyclooctaan";
35881;"Hydroxyphenyl diphenyl phosphate";"HO-TPHP";"Hydroxyphenyl diphenyl phosphate";"4-HO-TPHP";"4-hydroxyphenyl diphenyl phosphate";
35882;"Octabromotrimethylphenylindane";"OBIND";"Octabromotrimethylphenylindane";"";"Octabroomtrimethylfenylindaan";
35883;"Pentabromoethylbenzene";"PBEB";"Pentabromoethylbenzene";"";"Pentabroomethylbenzeen";
35884;"Pentabromophenol";"PBP";"Pentabromophenol";"";"Pentabroomfenol";
35885;"Pentabromotoluene";"PBT";"Pentabromotoluene";"";"Pentabroomtolueen";
35886;"Perchloropentacyclodecane";"mirex";"Perchloropentacyclodecane";"";"Perchloorpentacyclodecaan";
35887;"Polybrominated diphenylether 100";"BDE-100";"Polybrominated diphenylether 100";"BDE-100";"2,2',4,4',6-penta-bromodiphenyl ether";
35888;"Polybrominated diphenylether 119";"BDE-119";"Polybrominated diphenylether 119";"";"Polybroomdifenylether 119";
35889;"Polybrominated diphenylether 138";"BDE-138";"Polybrominated diphenylether 138";"";"Polybroomdifenylether 138";
35890;"Polybrominated diphenylether 15";"BDE-15";"Polybrominated diphenylether 15";"";"Polybroomdifenylether 15";
35891;"Polybrominated diphenylether 153";"BDE-153";"Polybrominated diphenylether 153";"BDE-153";"2,2',4,4',5,5'-hexa-bromodiphenyl ether";
35892;"Polybrominated diphenylether 154";"BDE-154";"Polybrominated diphenylether 154";"BDE-154";"2,2',4,4',5,6'-hexa-bromodiphenyl ether";
35893;"Polybrominated diphenylether 17";"BDE-17";"Polybrominated diphenylether 17";"";"Polybroomdifenylether 17";
35894;"Polybrominated diphenylether 183";"BDE-183";"Polybrominated diphenylether 183";"BDE-183";"2,2',3,4,4',5',6-hepta-bromodiphenyl ether";
35895;"Polybrominated diphenylether 190";"BDE-190";"Polybrominated diphenylether 190";"";"Polybroomdifenylether 190";
35896;"Polybrominated diphenylether 209";"BDE-209";"Polybrominated diphenylether 209";"BDE-209";"Deca bromodiphenyl ether";
35897;"Polybrominated diphenylether 25";"BDE-25";"Polybrominated diphenylether 25";"";"Polybroomdifenylether 25";
35898;"Polybrominated diphenylether 28";"BDE-28";"Polybrominated diphenylether 28";"BDE-28";"2,4,4'-Tribromodiphenyl ether";
35899;"Polybrominated diphenylether 33";"BDE-33";"Polybrominated diphenylether 33";"";"Polybroomdifenylether 33";
35900;"Polybrominated diphenylether 47";"BDE-47";"Polybrominated diphenylether 47";"BDE-47";"2,2',4,4'-tetra-bromodiphenyl ether";
35901;"Polybrominated diphenylether 66";"BDE-66";"Polybrominated diphenylether 66";"";"Polybroomdifenylether 66";
35902;"Polybrominated diphenylether 71";"BDE-71";"Polybrominated diphenylether 71";"";"Polybroomdifenylether 71";
35903;"Polybrominated diphenylether 75";"BDE-75";"Polybrominated diphenylether 75";"";"Polybroomdifenylether 75";
35904;"Polybrominated diphenylether 77";"BDE-77";"Polybrominated diphenylether 77";"";"Polybroomdifenylether 77";
35905;"Polybrominated diphenylether 85";"BDE-85";"Polybrominated diphenylether 85";"";"Polybroomdifenylether 85";
35906;"Polybrominated diphenylether 99";"BDE-99";"Polybrominated diphenylether 99";"BDE-99";"2,2',4,4',5-penta-bromodiphenyl ether";
35907;"Syn-dechlorane plus";"Syn-DP";"Syn-dechlorane plus";"";"Syn-dechlorane plus";653.73
35908;"Tetrabromobisphenol A";"TBBPA";"Tetrabromobisphenol A";"TBBPA";"Tetrabromobisphenol A";
35909;"Tetrabromobisphenol A bis(2,3-dibromopropyl ether)";"TBBPA-DBPE";"Tetrabromobisphenol A bis(2,3-dibromopropyl ether)";"TBBPA-DBPE";"Tetrabroombisfenol A-bis(2,3-dibroompropylether)";
35910;"Tetrabromoethylcyclohexane";"TBECH";"Tetrabromoethylcyclohexane";"";"Tetrabroomethylcyclohexaan";
35911;"Total Hexabromocyclododecane";"total HBCD";"Total Hexabromocyclododecane";"total HBCD";"Hexabromocyclododecaan";
35912;"Tricresyl phosphate";"TMPP";"Tricresyl phosphate";"";"Tricresylfosfaat";
35913;"Tri-n-butyl phosphate";"";"Tri-n-butyl phosphate";"DNBP";"Tri-n-butyl-fosfaat";
35914;"Triphenyl phosphate";"TPHP";"Triphenyl phosphate";"TPHP";"Trifenyl fosfaat";
35915;"Tris(2,3-dibromopropyl) phosphate";"TDBPP";"Tris(2,3-dibromopropyl) phosphate";"";"Tris(2,3-dibroompropyl)fosfaat";
35916;"Tris(chloroethyl) phosphate";"TCEP";"Tris(chloroethyl) phosphate";"TCEP";"Tris-chloroethyl-fosfaat";
35917;"1,2,3,4,6,7,8-Heptatachlorodibenzofuran";"1,2,3,4,6,7,8-HpCDF";"1,2,3,4,6,7,8-Heptachlorodibenzofuran";"";"1,2,3,4,6,7,8-heptatachloordibenzofuran";
35918;"1,2,3,4,7,8,9-Heptatachlorodibenzofuran";"1,2,3,4,7,8,9-HpCDF";"1,2,3,4,7,8,9-Heptachlorodibenzofuran";"";"1,2,3,4,7,8,9-heptatachloordibenzofuran";
35919;"1,2,3,4,7,8-Hexatachlorodibenzofuran";"1,2,3,4,7,8-HxCDF";"1,2,3,4,7,8-Hexatachlorodibenzofuran";"";"1,2,3,4,7,8-hexatachloordibenzofuran";
35920;"1,2,3,6,7,8-Hexatachlorodibenzofuran";"1,2,3,6,7,8-HxCDF";"1,2,3,6,7,8-Hexatachlorodibenzofuran";"";"1,2,3,6,7,8-hexatachloordibenzofuran";
35921;"1,2,3,7,8,9-Hexatachlorodibenzofuran";"1,2,3,7,8,9-HxCDF";"1,2,3,7,8,9-Hexatachlorodibenzofuran";"";"1,2,3,7,8,9-hexatachloordibenzofuran";
35922;"1,2,3,7,8-Pentachlorodibenzofuran";"1,2,3,7,8-PeCDF";"1,2,3,7,8-Pentachlorodibenzofuran";"";"1,2,3,7,8-pentachloordibenzofuran";
35923;"2,3,4,6,7,8-Hexatachlorodibenzofuran";"2,3,4,6,7,8-HxCDF";"2,3,4,6,7,8-Hexatachlorodibenzofuran";"";"2,3,4,6,7,8-hexatachloordibenzofuran";
35924;"2,3,4,7,8-Pentachlorodibenzofuran";"2,3,4,7,8-PeCDF";"2,3,4,7,8-Pentachlorodibenzofuran";"";"2,3,4,7,8-pentachloordibenzofuran";
35925;"2,3,7,8-Tetrachlorodibenzofuran";"2,3,7,8-TCDF";"2,3,7,8-Tetrachlorodibenzofuran";"";"2,3,7,8-tetrachloordibenzofuran";
35926;"Octachlorodibenzofuran";"OCDF";"Octachlorodibenzofuran";"";"Octachloordibenzofuran";
35927;"8-hydroxy-2'-deoxyguanosine";"8-oxodG";"8-hydroxy-2'-deoxyguanosine";"8-oxodG";"8-Oxo-2'-deoxyguanosine";
35928;"Comet assay (DNA damage and repair)";"";"Comet assay (DNA damage and repair)";"COMET_MED";"Komeettest (DNA schade en herstel)";
35929;"Comet assay (oxidation of DNA)";"";"Comet assay (oxidation of DNA)";"COMET_OX_MED";"Komeettest (oxidatie van DNA)";
35930;"Number of micronuclei per 1000 binucleated cells";"";"Number of micronuclei per 1000 binucleated cells";"MN_AANTAL";"Aantal micronuclei (µN) per 1000 BNC (Binucleated cells)";
35931;"Number of scored cells in the micronucleus assay";"";"Number of scored cells in the micronucleus assay";"MN_CELLEN";"Aantal cellen met µN per 1000 binucleaire cellen (BNC) Aantal gescoorde cellen bij de micronucleustest";
35932;"2-(2-methoxyethoxy)acetic acid";"MEAA";"2-(2-methoxyethoxy)acetic acid";"";"2-(2-methoxyethoxy)azijnzuur";
35933;"2-butoxyacetic acid";"BAA";"2-butoxyacetic acid";"";"2-butoxyazijnzuur";
35934;"2-ethoxyacetic acid";"EAA";"2-ethoxyacetic acid";"";"2-ethoxyazijnzuur";
35935;"2-methoxyacetic acid";"MAA";"2-methoxyacetic acid";"";"2-methoxyazijnzuur";
35936;"2-phenoxyacetic acid";"PhAA";"2-phenoxyacetic acid";"";"2-fenoxyazijnzuur";
35937;"2-propoxyacetic acid";"PAA";"2-propoxyacetic acid";"";"2-propoxyazijnzuur";
35938;"Ethoxyethoxyacetic acid";"EEAA";"Ethoxyethoxyacetic acid";"";"Ethoxyethoxyazijnzuur";
35939;"Methoxyproprionic acid";"MPA";"Methoxyproprionic acid";"";"Methoxypropionzuur";
35940;"Iodium";"";"Iodium";"jodium";"Iodium";
35941;"(RS)-2-Chloro-N-(2-ethyl-6-methyl-phenyl)-N-(1-methoxypropan-2-yl)acetamide";"Dimetachlor";"(RS)-2-Chloro-N-(2-ethyl-6-methyl-phenyl)-N-(1-methoxypropan-2-yl)acetamide";"";"(RS)-2-chloor-N-(2-ethyl-6-methyl-fenyl)-N-(1-methoxypropaan-2-yl)aceetamide";
35942;"1-(4-Isopropylphenyl)-3-methylurea";"IPPMU";"1-(4-Isopropylphenyl)-3-methylurea";"";"1-(4-isopropylfenyl)-3-methylureum";
35943;"2,6 diethyl aniline";"";"2,6 diethyl aniline";"";"2,6 diethylaniline";
35944;"2-Chloro-N-(2,6-diethylphenyl)-N-(methoxymethyl)acetamide";"Alachlor";"2-Chloro-N-(2,6-diethylphenyl)-N-(methoxymethyl)acetamide";"";"2-Chloor-N-(2,6-diethylfenyl)-N-(methoxymethyl)aceetamide";
35945;"2-hydroxy atrazine";"";"2-hydroxy atrazine";"";"2-hydroxyatrazine";
35946;"2-hydroxy simazine";"";"2-hydroxy simazine";"";"2-hydroxysimazine";
35947;"3-(3,4-dichlorophenyl)-1,1-dimethylurea";"DCMU";"3-(3,4-dichlorophenyl)-1,1-dimethylurea";"";"3-(3,4-dichloorfenyl)-1,1-dimethylureum";
35948;"3-(3-Chloro-4-methylphenyl)-1,1-dimethylurea";"Chlortoluron";"3-(3-Chloro-4-methylphenyl)-1,1-dimethylurea";"";"3-(3-chloor-4-methylfenyl)-1,1-dimethylureum";
35949;"3-(4-Isopropylphenyl)-1,1-dimethylurea";"";"3-(4-Isopropylphenyl)-1,1-dimethylurea";"";"3-(4-isopropylfenyl)-1,1-dimethylureum";
35950;"Alachlor mercapturate";"";"Alachlor mercapturate";"";"Alachlor mercapturate";
35951;"Atrazine";"";"Atrazine";"";"Atrazine";
35952;"Atrazine mercapturate";"";"Atrazine mercapturate";"";"Atrazine-mercapturaat";
35953;"Desethyl 2-hydroxy atrazine";"";"Desethyl 2-hydroxy atrazine";"";"Desethyl 2-hydroxyatrazine";
35954;"Desethyl atrazine";"";"Desethyl atrazine";"";"Desethylatrazine";
35955;"Desethyl desisopropyl 2-hydroxy atrazine";"";"Desethyl desisopropyl 2-hydroxy atrazine";"";"Desethyl desisopropyl 2-hydroxyatrazine";
35956;"Desethyl desisopropyl atrazine";"";"Desethyl desisopropyl atrazine";"";"Desethyl desisopropyl atrazine";
35957;"Desisopropyl 2-hydroxy atrazine";"";"Desisopropyl 2-hydroxy atrazine";"";"Desisopropyl 2-hydroxyatrazine";
35958;"Desisopropyl atrazine";"";"Desisopropyl atrazine";"";"Desisopropylatrazine";
35959;"Simazine";"";"Simazine";"";"Simazine";
35960;"Simazine mercapturate";"";"Simazine mercapturate";"";"Simazine-mercapturaat";
35961;"CRP-US";"";"CRP-US";"";"CRP-US";
35962;"FeNO-value";"";"FeNO-value";"";"FeNO-waarde";
35963;"High-sensitivity reactive protein";"";"High-sensitivity reactive protein";"hsCRP";"High-sensitivity reactive protein";
35964;"IgA";"";"IgA";"";"IgA";
35965;"IgE";"";"IgE";"";"IgE";
35966;"IgM";"";"IgM";"";"IgM";
35967;"Interleukin 1 beta";"";"Interleukin 1 beta";"IL1B";"Interleukine 1 beta";
35968;"Interferon gamma";"IFN-gamma";"Interferon gamma";"IFN-gamma";"Interferon gamma";
35969;"Interleukin 10";"IL-10";"Interleukin 10";"IL-10";"Interleukine 10";
35970;"Interleukin 12 p70";"IL12p70";"Interleukin 12 p70";"IL12p70";"Interleukine 12 p70";
35971;"Interleukin 2";"IL-2";"Interleukin 2";"IL-2";"Interleukine 2";
35972;"Interleukin 4";"IL-4";"Interleukin 4";"IL-4";"Interleukine 4";
35973;"Interleukin 6";"IL-6";"Interleukin 6";"IL-6";"Interleukine 6";
35974;"Interleukin 8";"IL-8";"Interleukin 8";"IL-8";"Interleukine 8";
35975;"Tumor necrosis factor alfa";"TNF-alpha";"Tumor necrosis factor alfa";"TNF-alpha";"Tumor necrosis factor alfa";
35976;"Cortison";"";"Cortison";"";"Cortisone";
35977;"Alpha1-microglobuline";"";"Alpha1-microglobuline";"";"Alfa1-microglobuline";
35978;"Cystatine-C";"CYSTATC";"Cystatine-C";"CYSTATC";"Cystatine-C";
35979;"Adiponectine";"";"Adiponectine";"";"Adiponectine";
35980;"Glucose";"";"Glucose";"";"Glucose";
35981;"Medium-chain acyl-CoA dehydrogenase deficiency";"";"Medium-chain acyl-CoA dehydrogenase deficiency";"MCAD";"Medium-chain Acyl-CoA dehydrogenase deficiëntie";
35982;"Multiple acyl CoA dehydrogenase deficiency";"";"Multiple acyl CoA dehydrogenase deficiency";"MADD";"Multiple Acyl-CoA dehydrogenase deficiëntie";
35983;"Alkaline Phosphatases";"";"Alkaline Phosphatases";"";"Alkalische fosfatasen";
35984;"Gamma-GT";"";"Gamma-GT";"";"Gamma-GT";
35985;"Transaminase ALT";"GPT";"Transaminase ALT";"GPT";"Transaminase ALT";
35986;"Transaminase AST";"GOT";"Transaminase AST";"GOT";"Transaminase AST";
35987;"Insulin";"";"Insulin";"";"Insuline";
35988;"Leptin";"";"Leptin";"";"Leptine";
35989;"Aluminium";"Al";"Aluminium";"Al";"Aluminium";
35990;"Antimony";"Sb";"Antimony";"Antimoon";"Antimoon";
35991;"Argentum";"Ag";"Argentum";"Ag";"Zilver";
35992;"Arsenic(III) acid";"As(III)";"Arsenic(III) acid";"As(III)";"Arseen(III)zuur";74.92
35993;"Arsenic(V) acid";"As(V)";"Arsenic(V) acid";"As(V)";"Arseen(V)zuur";74.92
35994;"Arsenobetaine";"AsB";"Arsenobetaine";"AsB";"Arsenobetaïne";178
35995;"Arsenic";"As";"Arsenic";"";"Arseen";
35996;"Barium";"Ba";"Barium";"Ba";"Barium";
35997;"Berylium";"Be";"Berylium";"Be";"Berylium";
35998;"Bismuth";"Bi";"Bismuth";"Bi";"Bismut";
35999;"Boron";"B";"Boron";"B";"Boor";
36000;"Cadmium";"Cd";"Cadmium";"Cadmium";"Cadmium";
36001;"Calcium";"Ca";"Calcium";"Ca";"Calcium";
36002;"Cerium";"Ce";"Cerium";"Ce";"Cerium";
36003;"Cesium";"Cs";"Cesium";"Cs";"Cesium";
36004;"Chromium";"Cr";"Chromium";"Cr";"Chroom";
36005;"Cobalt";"Co";"Cobalt";"Co";"Kobalt";
36006;"Copper";"Cu";"Copper";"Cu";"Koper";
36007;"Dimethylarsinic";"DMA";"Dimethylarsinic";"DMA";"Dimethylarseen";138
36008;"Gallium";"Ga";"Gallium";"Ga";"Gallium";
36009;"Gold";"Au";"Gold";"Au";"Goud";
36010;"Hafnium";"Hf";"Hafnium";"Hf";"Hafnium";
36011;"Hexavalent chromium";"Cr VI";"Hexavalent chromium";"";"Zeswaardig chroom";
36012;"Iridium";"Ir";"Iridium";"Ir";"Iridium";
36013;"Iron";"Fe";"Iron";"FE";"Ijzer";
36014;"Lead";"Pb";"Lead";"Pb";"Lood";
36015;"Lithium";"Li";"Lithium";"Li";"Lithium";
36016;"Magnesium";"Mg";"Magnesium";"";"Magnesium";
36017;"Manganese";"Mn";"Manganese";"Mangaan";"Mangaan";
36018;"Mercury";"Hg";"Mercury";"Hg";"Kwik";
36019;"Methyl mercury";"MeHg";"Methyl mercury";"MeHg";"Methylkwik";
36020;"Molybdenum";"Mo";"Molybdenum";"Mo";"Molybdeen";
36021;"Monomethylarsonic";"MMA";"Monomethylarsonic";"MMA";"Monomethylarseen";139.97
36022;"Nickel";"Ni";"Nickel";"Ni";"Nikkel";
36023;"Palladium";"Pd";"Palladium";"Pd";"Palladium";
36024;"Platinum";"Pt";"Platinum";"Pt";"Platina";
36025;"Selenium";"";"Selenium";"";"Selenium";
36026;"Strontium";"Sr";"Strontium";"Sr";"Strontium";
36027;"Tellurium";"Te";"Tellurium";"Te";"Tellurium";
36028;"Thallium";"Tl";"Thallium";"Tl";"Thallium";
36029;"Thorium";"Th";"Thorium";"Th";"Thorium";
36030;"Tin";"Sn";"Tin";"Sn";"Tin";
36031;"Titanium";"Ti";"Titanium";"Ti";"Titanium";
36032;"Trivalent chromium";"Cr III";"Trivalent chromium";"";"Driewaardig chroom";
36033;"Tungsten";"W";"Tungsten";"W";"Wolfraam";
36034;"Uranium";"U";"Uranium";"U";"Uranium";
36035;"Vanadium";"V";"Vanadium";"V";"Vanadium";
36036;"Zinc";"Zn";"Zinc";"";"Zinc";
36037;"Galaxolide";"";"Galaxolide";"";"Galaxolide";
36038;"Musk ketone";"MK";"Musk ketone";"MK";"Musk ketone";
36039;"Musk xylene";"MX";"Musk xylene";"MX";"Musk xyleen";
36040;"Tonalide";"AHTN";"Tonalide";"AHTN";"Tonalide";
36041;"3-Acetyldeoxynivalenol";"3-ADON";"3-Acetyldeoxynivalenol";"";"3-Acetyldeoxynivalenol";
36042;"AFB-lysine";"AFB-Lys";"AFB-lysine";"";"AFB-lysine";
36043;"AFB-N7-guanine";"";"AFB-N7-guanine";"";"AFB-N7-guanine";
36044;"Aflatoxin B1";"AFB1";"Aflatoxin B1";"";"Aflatoxine B1";
36045;"Aflatoxin B2";"AFB2";"Aflatoxin B2";"";"Aflatoxine B2";
36046;"Aflatoxin G1";"AFG1";"Aflatoxin G1";"";"Aflatoxine G1";
36047;"Aflatoxin G2";"AFG2";"Aflatoxin G2";"";"Aflatoxine G2";
36048;"Aflatoxin M1";"AFM1";"Aflatoxin M1";"";"Aflatoxine M1";
36049;"Alternariol";"AOH";"Alternariol";"";"Alternariol";
36050;"Alternariol Monomethyl Ether";"AME";"Alternariol Monomethyl Ether";"";"Alternariol monomethylether";
36051;"Citrinin";"CIT";"Citrinin";"";"Citrinine";
36052;"Deepoxy-deoxynivalenol";"DOM-1";"Deepoxy-deoxynivalenol";"";"Deepoxy-deoxynivalenol";
36053;"Deoxynivalenol";"DON";"Deoxynivalenol";"";"Deoxynivalenol";
36054;"Deoxynivalenol-15-acetate";"15-acetyl-DON";"Deoxynivalenol-15-acetate";"";"Deoxynivalenol-15-acetaat";
36055;"Deoxynivalenol-15-glucuronide";"DON-15-GlcA";"Deoxynivalenol-15-glucuronide";"";"Deoxynivalenol-15-glucuronide";
36056;"Deoxynivalenol-3-glucoside";"DON-3-glucoside";"Deoxynivalenol-3-glucoside";"";"Deoxynivalenol-3-glucoside";
36057;"Deoxynivalenol-3-glucuronide";"DON-3-GlcA";"Deoxynivalenol-3-glucuronide";"";"Deoxynivalenol-3-glucuronide";
36058;"Diacetoxyscirpenol";"DAS";"Diacetoxyscirpenol";"";"Diacetoxyscirpenol";
36059;"Fumonisin B1";"FB1";"Fumonisin B1";"";"Fumonisine B1";
36060;"Fumonisin B2";"FB2";"Fumonisin B2";"";"Fumonisine B2";
36061;"Fumonisin B3";"FB3";"Fumonisin B3";"";"Fumonisine B3";
36062;"Fusarenon-X";"FUS-X";"Fusarenon-X";"";"Fusarenon-X";
36063;"HT-2 Toxin";"HT-2";"HT-2 Toxin";"";"HT-2-toxine";
36064;"Hydrolysed-fumonisin B1";"HFB1";"Hydrolysed-fumonisin B1";"";"Gehydrolyseerde fumonisine B1";
36065;"Neosolaniol";"NEO";"Neosolaniol";"";"Neosolaniol";
36066;"Nivalenol";"NIV";"Nivalenol";"";"Nivalenol";
36067;"Ochratoxin A";"OTA";"Ochratoxin A";"";"Ochratoxine A";
36068;"Ochratoxin-alpha";"OTα";"Ochratoxin-alpha";"";"Ochratoxine-alfa";
36069;"Patulin";"PAT";"Patulin";"";"Patuline";
36070;"Roquefortine C";"ROQC";"Roquefortine C";"";"Roquefortine C";
36071;"Sterigmatocystin";"STER";"Sterigmatocystin";"";"Sterigmatocystin";
36072;"T-2 tetraol toxin";"T-2 tetraol";"T-2 tetraol toxin";"";"T-2 tetraol-toxine";
36073;"T-2 Toxin";"T-2";"T-2 Toxin";"";"T-2-toxine";
36074;"T-2 triol toxin";"T-2 triol";"T-2 triol toxin";"";"T-2 trioltoxine";
36075;"Zearalanone";"ZAN";"Zearalanone";"";"Zearalanon";
36076;"Zearalenone";"ZEN";"Zearalenone";"";"Zearalenon";
36077;"Zearalenone-14-glucuronide";"ZEN-14-Glc";"Zearalenone-14-glucuronide";"";"Zearalenon-14-glucuronide";
36078;"Zearalenone-14-sulphate";"ZEN-14-S";"Zearalenone-14-sulphate";"";"Zearalenon-14-sulfaat";
36079;"Α-zearalanol";"α-ZAL";"α-zearalanol";"";"α-zearalanol";
36080;"Α-zearalenol";"α-ZEL";"α-zearalenol";"";"α-zearalenol";
36081;"Α-zearalenol-glucuronide";"α-ZEL-Glc";"α-zearalenol-glucuronide";"";"α-zearalenol-glucuronide";
36082;"Β-zearalanol";"β-ZAL";"β-zearalanol";"";"β-zearalanol";
36083;"Β-zearalenol";"β-ZEL";"β-zearalenol";"";"β-zearalenol";
36084;"Β-zearalenol-glucuronide";"β-ZEL-Glc";"β-zearalenol-glucuronide";"";"β-zearalenolglucuronide";
36085;"Benzylparaben";"";"Benzylparaben";"";"Benzylparaben";
36086;"Butylparaben";"";"Butylparaben";"";"Butylparabeen";
36087;"Ethylparaben";"EtP";"Ethylparaben";"EtP";"Ethylparabeen";
36088;"Heptylparaben";"heptylP";"Heptylparaben";"";"HeptylP (heptylparabeen)";
36089;"Iso-butylparaben";"isobutylP";"Iso-butylparaben";"";"Iso-butylparabeen";
36090;"Isopropylparaben";"";"Isopropylparaben";"";"Isopropylparabeen";
36091;"Methylparaben";"";"Methylparaben";"MeP";"Methylparabeen";
36092;"Pentylparaben";"pentylP";"Pentylparaben";"";"PentylP (pentylparabeen)";
36093;"P-hydroxybenzoic acid";"HBA";"P-hydroxybenzoic acid";"HBA";"P-hydroxybenzoëzuur";
36094;"Propylparaben";"";"Propylparaben";"";"Propylparabeen";
36095;"Linear + branched 2-(N-Methylperfluorooctanesulfonamido)acetic acid";"L+B MePFOSAA";"Linear + branched 2-(N-Methylperfluorooctanesulfonamido)acetic acid";"L+B MePFOSAA";"Lineair + vertakt 2-(n-methylperfluorooctaansulfonamido) azijnzuur";
36096;"Linear + branched N-Ethylperfluoro-1-octanesulphonamide";"L+B EtPFOSA";"Linear + branched N-Ethylperfluoro-1-octanesulphonamide";"L+B EtPFOSA";"Lineair + vertakt 2-(n-ethylperfluoro-octaansulfonamide)";
36097;"Linear + branched N-ethyl-perfluorooctane sulfonamidoacetate";"L+B EtPFOSAA";"Linear + branched N-ethyl-perfluorooctane sulfonamidoacetate";"L+B EtPFOSAA";"Lineair + vertakt 2-(n-ethylperfluorooctaansulfonamido) azijnzuur";
36098;"Linear + branched N-Methylperfluoro-1 octanesulphonamide";"L+B MePFOSA";"Linear + branched N-Methylperfluoro-1 octanesulphonamide";"L+B MePFOSA";"Lineair + vertakt N-methylperfluor-n-octaansulfonamide";
36099;"Linear + branched Perfluoro-1-octaperfluoro-1-octanesulphonamide";"L+B PFOSA";"Linear + branched Perfluoro-1-octaperfluoro-1-octanesulphonamide";"L+B PFOSA";"Lineair + vertakt Perfluoro-n-octaansulfonamide";
36100;"Linear + branched Perfluorobutane sulfonic acid";"L+B PFBS";"Linear + branched Perfluorobutane sulfonic acid";"L+B PFBS";"Lineair + vertakt Perfluoro-n-butaansulfonzuur";
36101;"Linear + branched Perfluorodecane sulfonic acid";"L+B PFDS";"Linear + branched Perfluorodecane sulfonic acid";"L+B PFDS";"Lineair + vertakt Perfluoro-n-decaansulfonzuur";
36102;"Linear + branched Perfluorodecanoic acid";"L+B PFDA";"Linear + branched Perfluorodecanoic acid";"L+B PFDA";"Lineair + vertakt Perfluoro-n-decaanzuur";
36103;"Linear + branched Perfluorododecanoic acid";"L+B PFDoDA";"Linear + branched Perfluorododecanoic acid";"L+B PFDoA";"Lineair + vertakt Perfluoro-n-dodecaanzuur";
36104;"Linear + branched Perfluoroheptane sulfonic acid";"L+B PFHpS";"Linear + branched Perfluoroheptane sulfonic acid";"L+B PFHpS";"Lineair + vertakt Perfluoro-n-heptaansulfonzuur";
36105;"Linear + branched Perfluoroheptanoic acid";"L+B PFHpA";"Linear + branched Perfluoroheptanoic acid";"L+B PFHpA";"Lineair + vertakt Perfluoro-n-heptaanzuur";
36106;"Linear + branched Perfluorohexane sulfonic acid";"L+B PFHxS";"Linear + branched Perfluorohexane sulfonic acid";"L+B PFHxS";"Lineair + vertakt Perfluoro-n-hexaansulfonzuur";
36107;"Linear + branched Perfluorohexanoic acid";"L+B PFHxA";"Linear + branched Perfluorohexanoic acid";"L+B PFHxA";"Lineair + vertakt Perfluoro-n-hexaanzuur";
36108;"Linear + branched Perfluorononanoic acid";"L+B PFNA";"Linear + branched Perfluorononanoic acid";"L+B PFNA";"Lineair + vertakt Perfluoro-n-nonaanzuur";
36109;"Linear + branched Perfluorooctane sulfonic acid";"L+B PFOS";"Linear + branched Perfluorooctane sulfonic acid";"L+B PFOS";"Lineair + vertakt Perfluoro-n-octaansulfonzuur";500.13
36110;"Linear + branched Perfluorooctanoic acid";"L+B PFOA";"Linear + branched Perfluorooctanoic acid";"L+B PFOA";"Lineair + vertakt Perfluoro-n-octaanzuur";
36111;"Linear + branched Perfluoropentanoic acid";"L+B PFPeA";"Linear + branched Perfluoropentanoic acid";"L+B PFPeA";"Lineair + vertakt Perfluoro-n-pentaanzuur";
36112;"Linear + branched Perfluorotetradecanoic acid";"L+B PFTeDA";"Linear + branched Perfluorotetradecanoic acid";"L+B PFTeDA";"Lineair + vertakt Perfluoro-n-tetradecaanzuur";
36113;"Linear + branched Perfluorotridecanoic acid";"L+B PFTrDA";"Linear + branched Perfluorotridecanoic acid";"L+B PFTrDA";"Lineair + vertakt Perfluoro-n-tridecaanzuur";
36114;"Linear + branched Perfluoroundecanoic acid";"L+B PFUnDA";"Linear + branched Perfluoroundecanoic acid";"L+B PFUnA";"Lineair + vertakt Perfluoro-n-undecaanzuur";
36115;"Linear 11-chloroeicosafluoro-3-oxaundecane-1-sulfonic acid";"11Cl-PF3OUdS";"Linear 11-chloroeicosafluoro-3-oxaundecane-1-sulfonic acid";"11Cl-PF3OUdS";"Lineair 11-chlooreicosafluor-3-oxaundecaan-1-sulfonzuur";
36116;"Linear 1H,1H,2H,2H-Perfluorodecanesulfonic acid";"8:2 FTS";"Linear 1H,1H,2H,2H-Perfluorodecanesulfonic acid";"8:2 FTS";"Lineair 8:2 fluortelomeersulfonzuur";
36117;"Linear 1H,1H,2H,2H-Perfluorohexanesulfonic acid";"4:2 FTS";"Linear 1H,1H,2H,2H-Perfluorohexanesulfonic acid";"4:2 FTS";"Lineair 4:2 fluortelomeersulfonzuur";
36118;"Linear 2-(6-Chlorododecafluorohexyloxy)-1,1,2,2-tetrafluoroethanesulfonic acid potassium salt";"6:2 Cl-PFESA";"Linear 2-(6-Chlorododecafluorohexyloxy)-1,1,2,2-tetrafluoroethanesulfonic acid potassium salt";"6:2 Cl-PFESA";"Lineair 2-(6-chloordodecafluorhexyloxy)-1,1,2,2-tetrafluorethaansulfonzuur kaliumzout";
36119;"Linear 2-(N-Methylperfluorooctanesulfonamido)acetic acid";"MePFOSAA";"Linear 2-(N-Methylperfluorooctanesulfonamido)acetic acid";"MePFOSAA";"Lineair 2-(n-methylperfluorooctaansulfonamido) azijnzuur";
36120;"Linear 2,2,3-trifluoro-3-[1,1,2,2,3,3-hexafluoro-3-(trifluoromethoxy)propoxy]propanoic acid";"ADONA";"Linear 2,2,3-trifluoro-3-[1,1,2,2,3,3-hexafluoro-3-(trifluoromethoxy)propoxy]propanoic acid";"ADONA";"Lineair 4,8-dioxa-3H-perfluornonaanzuur";
36121;"Linear 3,3,4,4,5,5,6,6,7,7,8,8,8-tridecafluorooctanesulphonic acid";"6:2 FTS";"Linear 3,3,4,4,5,5,6,6,7,7,8,8,8-tridecafluorooctanesulphonic acid";"6:2 FTS";"Lineair 6:2 fluortelomeersulfonzuur";
36122;"Linear 6:2 polyfluoroalkyl phosphoric acid diesters";"6:2 diPAP";"Linear 6:2 polyfluoroalkyl phosphoric acid diesters";"6:2 diPAP";"Lineair 6:2 fluortelomeerfosfaat diester";
36123;"Linear 6:2 polyfluoroalkyl phosphoric acid monoesters";"6:2 monoPAP";"Linear 6:2 polyfluoroalkyl phosphoric acid monoesters";"6:2 monoPAP";"Lineair 6:2 fluortelomeerfosfaat monoester";
36124;"Linear 6:2/8:2 Fluorotelomer phosphate diester";"6:2/8:2 diPAP";"Linear 6:2/8:2 Fluorotelomer phosphate diester";"6:2/8:2 diPAP";"Lineair 6:2/8:2 fluortelomeerfosfaat diester";
36125;"Linear 8:2 polyfluoroalkyl phosphoric acid diesters";"8:2 diPAP";"Linear 8:2 polyfluoroalkyl phosphoric acid diesters";"8:2 diPAP";"Lineair 8:2 fluortelomeerfosfaat diester";
36126;"Linear 8:2 polyfluoroalkyl phosphoric acid monoesters";"8:2 monoPAP";"Linear 8:2 polyfluoroalkyl phosphoric acid monoesters";"8:2 monoPAP";"Lineair 8:2 fluortelomeerfosfaat monoester";
36127;"Linear 9-chlorohexadecafluoro-3-oxanone-1-sulfonic acid";"9Cl-PF3ONS";"Linear 9-chlorohexadecafluoro-3-oxanone-1-sulfonic acid";"9Cl-PF3ONS";"Lineair 9-chloorhexadecafluor-3-oxanon-1-sulfonzuur";
36128;"Linear Fluorotelomer sulfonic acid 10:2";"10:2 FTS";"Linear Fluorotelomer sulfonic acid 10:2";"10:2 FTS";"Lineair 10:2 fluortelomeersulfonzuur";
36129;"Linear Hexafluoropropylene Oxide Dimer Acid";"HFPO-DA";"Linear Hexafluoropropylene Oxide Dimer Acid";"HFPO-DA";"Lineair Perfluor-2-propoxypropaanzuur";
36130;"Linear N-(Methyl)nonafluorobutanesulfonamide";"MePFBSA";"Linear N-(Methyl)nonafluorobutanesulfonamide";"MePFBSA";"Lineair N-methylperfluor-n-butaansulfonamide";
36131;"Linear N-Ethylperfluoro-1-octanesulphonamide";"EtPFOSA";"Linear N-Ethylperfluoro-1-octanesulphonamide";"EtPFOSA";"Lineair N-ethylperfluor-1-octaansulfonamide";
36132;"Linear N-ethyl-perfluorooctane sulfonamidoacetate";"EtPFOSAA";"Linear N-ethyl-perfluorooctane sulfonamidoacetate";"EtPFOSAA";"Lineair 2-(n-ethylperfluorooctaansulfonamido) azijnzuur";
36133;"Linear N-Ethyl-perfluorooctane sulphonamidoethanol";"EtPFOSE";"Linear N-Ethyl-perfluorooctane sulphonamidoethanol";"EtPFOSE";"Lineair N-ethylperfluorooctaansulfonamido-ethanol";
36134;"Linear N-Methylperfluoro-1 octanesulphonamide";"MePFOSA";"Linear N-Methylperfluoro-1 octanesulphonamide";"MePFOSA";"Lineair N-methylperfluor-1-octaansulfonamide";
36135;"Linear Perfluorbutanesulfonylamide(N-methyl)acetate";"MePFBSAA";"Linear Perfluorbutanesulfonylamide(N-methyl)acetate";"MePFBSAA";"Lineair N-methylperfluor-n-butaansulfonylamide azijnzuur";
36136;"Linear Perfluoro 2-ethoxyethane sulfonic acid";"PFEESA";"Linear Perfluoro 2-ethoxyethane sulfonic acid";"PFEESA";"Lineair Perfluor 2-ethoxyethaansulfonzuur";
36137;"Linear Perfluoro-1-octaperfluoro-1-octanesulphonamide";"PFOSA";"Linear Perfluoro-1-octaperfluoro-1-octanesulphonamide";"PFOSA";"Lineair Perfluoro-n-octaansulfonamide";
36138;"Linear Perfluoro-3,6-dioxaheptanoic acid";"NFDHA";"Linear Perfluoro-3,6-dioxaheptanoic acid";"NFDHA";"Lineair Perfluor-3,6-dioxaheptaanzuur";
36139;"Linear Perfluoro-4-ethylcyclohexane sulfonic acid";"PFECHS";"Linear Perfluoro-4-ethylcyclohexane sulfonic acid";"PFECHS";"Lineair Perfluor-4-ethylcyclohexaansulfonzuur";
36140;"Linear Perfluoro-4-methoxypropanoic acid";"PFMPA";"Linear Perfluoro-4-methoxypropanoic acid";"PFMPA";"Lineair Perfluor-4-methoxypropaanzuur (ook PF4OPeA)";
36141;"Linear Perfluoro-5-methoxybutanoic acid";"PFMBA";"Linear Perfluoro-5-methoxybutanoic acid";"PFMBA";"Lineair Perfluor-5-methoxybutaanzuur";
36142;"Linear Perfluorobutane sulfonic acid";"PFBS";"Linear Perfluorobutane sulfonic acid";"PFBS";"Lineair Perfluoro-n-butaansulfonzuur";
36143;"Linear Perfluorobutanoic acid";"PFBA";"Linear Perfluorobutanoic acid";"PFBA";"Lineair Perfluoro-n-butaanzuur";
36144;"Linear Perfluorobutylsulphonamide";"PFBSA";"Linear Perfluorobutylsulphonamide";"PFBSA";"Lineair Perfluoro-n-butaansulfonamide";
36145;"Linear Perfluorodecane sulfonic acid";"PFDS";"Linear Perfluorodecane sulfonic acid";"PFDS";"Lineair Perfluoro-n-decaansulfonzuur";
36146;"Linear Perfluorodecanoic acid";"PFDA";"Linear Perfluorodecanoic acid";"PFDA";"Lineair Perfluoro-n-decaanzuur";
36147;"Linear Perfluorodecylphosphonic acid";"PFDPA";"Linear Perfluorodecylphosphonic acid";"PFDPA";"Lineair perfluordecylfosfonzuur";
36148;"Linear Perfluorododecane sulfonic acid";"PFDoDS";"Linear Perfluorododecane sulfonic acid";"PFDoDS";"Lineair Perfluoro-n-dodecaansulfonzuur";
36149;"Linear Perfluorododecanoic acid";"PFDoDA";"Linear Perfluorododecanoic acid";"PFDoA";"Lineair Perfluoro-n-dodecaanzuur";
36150;"Linear Perfluoroheptane sulfonic acid";"PFHpS";"Linear Perfluoroheptane sulfonic acid";"PFHpS";"Lineair Perfluoro-n-heptaansulfonzuur";450.12
36151;"Linear Perfluoroheptanoic acid";"PFHpA";"Linear Perfluoroheptanoic acid";"PFHpA";"Lineair Perfluoro-n-heptaanzuur";
36152;"Linear Perfluorohexadecanoic acid";"PFHxDA";"Linear Perfluorohexadecanoic acid";"PFHxDA";"Lineair Perfluoro-n-hexadecaanzuur";
36153;"Linear Perfluorohexane sulfonic acid";"L-PFHxS";"Linear Perfluorohexane sulfonic acid";"PFHxS";"Lineair Perfluoro-n-hexaansulfonzuur";400.12
36154;"Linear Perfluorohexanesulfonamide";"PFHxSA";"Linear Perfluorohexanesulfonamide";"PFHxSA";"Lineair Perfluoro-n-hexaansulfonamide";
36155;"Linear Perfluorohexanoic acid";"PFHxA";"Linear Perfluorohexanoic acid";"PFHxA";"Lineair Perfluoro-n-hexaanzuur";
36156;"Linear Perfluorohexylphosphonic acid";"PFHxPA";"Linear Perfluorohexylphosphonic acid";"PFHxPA";"Lineair perfluorhexylfosfonzuur";
36157;"Linear Perfluoro-n-decanesulfonamide";"PFDSA";"Linear Perfluoro-n-decanesulfonamide";"PFDSA";"Lineair Perfluoro-n-decaansulfonamide";
36158;"Linear Perfluorononanesulfonic acid";"PFNS";"Linear Perfluorononanesulfonic acid";"PFNS";"Lineair Perfluoro-n-nonaansulfonzuur";
36159;"Linear Perfluorononanoic acid";"PFNA";"Linear Perfluorononanoic acid";"PFNA";"Lineair Perfluoro-n-nonaanzuur";464.08
36160;"Linear Perfluoro-n-propanesulfonic acid";"PFPrS";"Linear Perfluoro-n-propanesulfonic acid";"PFPrS";"Lineair Perfluoro-n-propaansulfonzuur";
36161;"Linear Perfluoro-n-propanoic acid";"PFPrA";"Linear Perfluoro-n-propanoic acid";"PFPrA";"Lineair Perfluoro-n-propaanzuur";
36162;"Linear Perfluorooctadecanoic acid";"PFODA";"Linear Perfluorooctadecanoic acid";"PFODA";"Lineair Perfluoro-n-octadecaanzuur";
36163;"Linear Perfluorooctane sulfonic acid";"L-PFOS";"Linear Perfluorooctane sulfonic acid";"L-PFOS";"Lineair Perfluoro-n-octaansulfonzuur";500.13
36164;"Linear Perfluorooctanesulfonamido acetic acid";"PFOSAA";"Linear Perfluorooctanesulfonamido acetic acid";"PFOSAA";"Lineair Perfluoro-n-octaansulfonamidoazijnzuur";
36165;"Linear Perfluorooctanoic acid";"L-PFOA";"Linear Perfluorooctanoic acid";"PFOA";"Lineair Perfluoro-n-octaanzuur";414.07
36166;"Linear Perfluorooctylphosphonic acid";"PFOPA";"Linear Perfluorooctylphosphonic acid";"PFOPA";"Lineair perfluoroctylfosfonzuur";
36167;"Linear Perfluoropentadecanoic acid";"PFPeDA";"Linear Perfluoropentadecanoic acid";"PFPeDA";"Lineair Perfluoro-n-pentadecaanzuur";
36168;"Linear Perfluoropentane sulfonate";"PFPeS";"Linear Perfluoropentane sulfonate";"PFPeS";"Lineair Perfluoro-n-pentaansulfonzuur";
36169;"Linear Perfluoropentanoic acid";"PFPeA";"Linear Perfluoropentanoic acid";"PFPeA";"Lineair Perfluoro-n-pentaanzuur";
36170;"Linear Perfluorotetradecanoic acid";"PFTeDA";"Linear Perfluorotetradecanoic acid";"PFTeDA";"Lineair Perfluoro-n-tetradecaanzuur";
36171;"Linear Perfluorotridecanesulfonic acid";"PFTrDS";"Linear Perfluorotridecanesulfonic acid";"PFTrDS";"Lineair Perfluoro-n-tridecaansulfonzuur";
36172;"Linear Perfluorotridecanoic acid";"PFTrDA";"Linear Perfluorotridecanoic acid";"PFTrDA";"Lineair Perfluoro-n-tridecaanzuur";
36173;"Linear Perfluoroundecanesulfonic acid";"PFUnDS";"Linear Perfluoroundecanesulfonic acid";"PFUnDS";"Lineair Perfluoro-n-undecaansulfonzuur";
36174;"Linear Perfluoroundecanoic acid";"PFUnDA";"Linear Perfluoroundecanoic acid";"PFUnA";"Lineair Perfluoro-n-undecaanzuur";
36175;"Linear Trifluoroacetic acid";"TFA";"Linear Trifluoroacetic acid";"TFA";"Lineair Trifluoro azijnzuur";
36176;"Dioxin-like PCBs";"";"Dioxin-like PCBs";"";"Dioxine-achtige PCBs (dl-PCBs) (CALUX)";
36177;"Hydroxylated Polychlorinated biphenyl 107";"";"Hydroxylated Polychlorinated biphenyl 107";"CB107";"CB107";
36178;"Hydroxylated Polychlorinated biphenyl 146";"";"Hydroxylated Polychlorinated biphenyl 146";"CB146";"CB146";
36179;"Hydroxylated Polychlorinated biphenyl 187";"";"Hydroxylated Polychlorinated biphenyl 187";"CB187";"CB187";
36180;"Polychlorinated biphenyl 101";"PCB 101";"Polychlorinated biphenyl 101";"PCB 101";"Polychloorbifenyl 101";
36181;"Polychlorinated biphenyl 105";"PCB 105";"Polychlorinated biphenyl 105";"PCB 105";"Polychloorbifenyl 105";
36182;"Polychlorinated biphenyl 110";"PCB 110";"Polychlorinated biphenyl 110";"PCB 110";"Polychloorbifenyl 110";
36183;"Polychlorinated biphenyl 114";"PCB 114";"Polychlorinated biphenyl 114";"PCB 114";"Polychloorbifenyl 114";
36184;"Polychlorinated biphenyl 118";"PCB 118";"Polychlorinated biphenyl 118";"PCB 118";"Polychloorbifenyl 118";
36185;"Polychlorinated biphenyl 123";"PCB 123";"Polychlorinated biphenyl 123";"PCB 123";"Polychloorbifenyl 123";
36186;"Polychlorinated biphenyl 126";"PCB 126";"Polychlorinated biphenyl 126";"PCB 126";"Polychloorbifenyl 126";
36187;"Polychlorinated biphenyl 128";"PCB 128";"Polychlorinated biphenyl 128";"PCB 128";"Polychloorbifenyl 128";
36188;"Polychlorinated biphenyl 138";"PCB 138";"Polychlorinated biphenyl 138";"PCB 138";"Polychloorbifenyl 138";
36189;"Polychlorinated biphenyl 146";"PCB 146";"Polychlorinated biphenyl 146";"PCB 146";"Polychloorbifenyl 146";
36190;"Polychlorinated biphenyl 149";"PCB 149";"Polychlorinated biphenyl 149";"PCB 149";"Polychloorbifenyl 149";
36191;"Polychlorinated biphenyl 151";"PCB 151";"Polychlorinated biphenyl 151";"PCB 151";"Polychloorbifenyl 151";
36192;"Polychlorinated biphenyl 153";"PCB 153";"Polychlorinated biphenyl 153";"PCB 153";"Polychloorbifenyl 153";
36193;"Polychlorinated biphenyl 156";"PCB 156";"Polychlorinated biphenyl 156";"PCB 156";"Polychloorbifenyl 156";
36194;"Polychlorinated biphenyl 157";"PCB 157";"Polychlorinated biphenyl 157";"PCB 157";"Polychloorbifenyl 157";
36195;"Polychlorinated biphenyl 158";"PCB 158";"Polychlorinated biphenyl 158";"PCB 158";"Polychloorbifenyl 158";
36196;"Polychlorinated biphenyl 167";"PCB 167";"Polychlorinated biphenyl 167";"PCB 167";"Polychloorbifenyl 167";
36197;"Polychlorinated biphenyl 169";"PCB 169";"Polychlorinated biphenyl 169";"PCB 169";"Polychloorbifenyl 169";
36198;"Polychlorinated biphenyl 170";"PCB 170";"Polychlorinated biphenyl 170";"PCB 170";"Polychloorbifenyl 170";
36199;"Polychlorinated biphenyl 171";"PCB 171";"Polychlorinated biphenyl 171";"PCB 171";"Polychloorbifenyl 171";
36200;"Polychlorinated biphenyl 172";"PCB 172";"Polychlorinated biphenyl 172";"PCB 172";"Polychloorbifenyl 172";
36201;"Polychlorinated biphenyl 174";"PCB 174";"Polychlorinated biphenyl 174";"PCB 174";"Polychloorbifenyl 174";
36202;"Polychlorinated biphenyl 177";"PCB 177";"Polychlorinated biphenyl 177";"PCB 177";"Polychloorbifenyl 177";
36203;"Polychlorinated biphenyl 178";"PCB 178";"Polychlorinated biphenyl 178";"PCB 178";"Polychloorbifenyl 178";
36204;"Polychlorinated biphenyl 18";"PCB 18";"Polychlorinated biphenyl 18";"PCB 18";"Polychloorbifenyl 18";
36205;"Polychlorinated biphenyl 180";"PCB 180";"Polychlorinated biphenyl 180";"PCB 180";"Polychloorbifenyl 180";
36206;"Polychlorinated biphenyl 183";"PCB 183";"Polychlorinated biphenyl 183";"PCB 183";"Polychloorbifenyl 183";
36207;"Polychlorinated biphenyl 187";"PCB 187";"Polychlorinated biphenyl 187";"PCB 187";"Polychloorbifenyl 187";
36208;"Polychlorinated biphenyl 189";"PCB 189";"Polychlorinated biphenyl 189";"PCB 189";"Polychloorbifenyl 189";
36209;"Polychlorinated biphenyl 194";"PCB 194";"Polychlorinated biphenyl 194";"PCB 194";"Polychloorbifenyl 194";
36210;"Polychlorinated biphenyl 195";"PCB 195";"Polychlorinated biphenyl 195";"PCB 195";"Polychloorbifenyl 195";
36211;"Polychlorinated biphenyl 196";"PCB 196";"Polychlorinated biphenyl 196";"PCB 196";"Polychloorbifenyl 196";
36212;"Polychlorinated biphenyl 199";"PCB 199";"Polychlorinated biphenyl 199";"PCB 199";"Polychloorbifenyl 199";
36213;"Polychlorinated biphenyl 201";"PCB 201";"Polychlorinated biphenyl 201";"PCB 201";"Polychloorbifenyl 201";
36214;"Polychlorinated biphenyl 203";"PCB 203";"Polychlorinated biphenyl 203";"PCB 203";"Polychloorbifenyl 203";
36215;"Polychlorinated biphenyl 206";"PCB 206";"Polychlorinated biphenyl 206";"PCB 206";"Polychloorbifenyl 206";
36216;"Polychlorinated biphenyl 209";"PCB 209";"Polychlorinated biphenyl 209";"PCB 209";"Polychloorbifenyl 209";
36217;"Polychlorinated biphenyl 28";"PCB 28";"Polychlorinated biphenyl 28";"PCB 28";"Polychloorbifenyl 28";
36218;"Polychlorinated biphenyl 44";"PCB 44";"Polychlorinated biphenyl 44";"PCB 44";"Polychloorbifenyl 44";
36219;"Polychlorinated biphenyl 49";"PCB 49";"Polychlorinated biphenyl 49";"PCB 49";"Polychloorbifenyl 49";
36220;"Polychlorinated biphenyl 52";"PCB 52";"Polychlorinated biphenyl 52";"PCB 52";"Polychloorbifenyl 52";
36221;"Polychlorinated biphenyl 66";"PCB 66";"Polychlorinated biphenyl 66";"PCB 66";"Polychloorbifenyl 66";
36222;"Polychlorinated biphenyl 74";"PCB 74";"Polychlorinated biphenyl 74";"PCB 74";"Polychloorbifenyl 74";
36223;"Polychlorinated biphenyl 77";"PCB 77";"Polychlorinated biphenyl 77";"PCB 77";"Polychloorbifenyl 77";
36224;"Polychlorinated biphenyl 81";"PCB 81";"Polychlorinated biphenyl 81";"PCB 81";"Polychloorbifenyl 81";
36225;"Polychlorinated biphenyl 87";"PCB 87";"Polychlorinated biphenyl 87";"PCB 87";"Polychloorbifenyl 87";
36226;"Polychlorinated biphenyl 99";"PCB 99";"Polychlorinated biphenyl 99";"PCB 99";"Polychloorbifenyl 99";
36227;"Total dioxin-like compounds";"CALUX";"Total dioxin-like compounds";"CALUX";"Totaal dioxine-achtige stoffen";
36228;"Trans-nonachlor";"";"Trans-nonachlor";"";"Trans-nonachloor";
36229;"Beta-hexachlorocyclohexane";"bHCH";"Beta-hexachlorocyclohexane";"bHCH";"Beta hexachlorocyclohexaan";
36230;"Dichlorodiphenyldichloroethylene";"p,p'-DDE";"Dichlorodiphenyldichloroethylene";"p,p'-DDE";"Dichlorodiphenyldichloroethyleen";
36231;"Dichlorodiphenyltrichloroethane";"p,p'-DDT";"Dichlorodiphenyltrichloroethane";"p,p'-DDT";"Dichloordifenyltrichloorethaan";
36232;"Gamma-hexachlorocyclohexane (lindane)";"";"Gamma-hexachlorocyclohexane (lindane)";"gHCH";"Gamma hexachlororcyclohexaan (lindaan)";
36233;"Oxychlordane";"OXC";"Oxychlordane";"OXC";"Oxychlordaan";
36234;"(3,4-dichlorophenyl)urea";"";"(3,4-dichlorophenyl)urea";"DCPU";"3,4-dichlorophenylurea fungiciden";
36235;"1-(3,4-dichlorophenyl)-3-methylurea";"";"1-(3,4-dichlorophenyl)-3-methylurea";"DCPMU";"1-(3,4-dichlorophenyl)-3-methylurea , desmethyl diuron";
36236;"2,3,4,6-Tetrachlorophenol";"2,3,4,6-TeCP";"2,3,4,6-Tetrachlorophenol";"";"2,3,4,6-tetrachloorfenol";
36237;"2,3,4-Trichlorophenol";"2,3,4-TCP";"2,3,4-Trichlorophenol";"";"2,3,4-trichloorfenol";
36238;"2,4,5-trichlorophenol";"2,4,5-TCP";"2,4,5-trichlorophenol";"";"2,4,5-trichloorfenol";
36239;"2,4,5-trichlorophenoxyacetic acid";"";"2,4,5-trichlorophenoxyacetic acid";"";"2,4,5-trichloorfenoxyazijnzuur";
36240;"2,4,6-trichlorophenol";"2,4,6-TCP";"2,4,6-trichlorophenol";"";"2,4,6-trichloorfenol";
36241;"2,4-dichlorophenol";"2,4-DCP";"2,4-dichlorophenol";"2,4-DCP";"2,4-dichloorfenol";
36242;"2,4-dichlorophenoxyacetic acid";"";"2,4-dichlorophenoxyacetic acid";"2,4-D";"2,4-dichloorfenoxyazijnzuur";
36243;"2,5-dichlorophenol";"2,5-DCP";"2,5-dichlorophenol";"2,5-DCP";"2,5-Dichlorophenol";
36244;"2,6-dichlorophenol";"2,6-DCP";"2,6-dichlorophenol";"2,6-DCP";"2,6-dichloorfenol";
36245;"2-Diethylamino-6-hydroxy-4-methylpyrimidine";"DEAMPY";"2-Diethylamino-6-hydroxy-4-methylpyrimidine";"";"2-Diethylamino-6-hydroxy-4-methylpyrimidine";
36246;"3-(2,2-dibromovinyl)-2,2-dimethylcyclopropane carboxylic acid";"DBCA";"3-(2,2-dibromovinyl)-2,2-dimethylcyclopropane carboxylic acid";"";"3-(2,2-dibroomvinyl)-2,2-dimethylcyclopropaancarbonzuur";
36247;"3,5,6-trichloro-2-pyridinol";"TCPy";"3,5,6-trichloro-2-pyridinol";"TCPy";"3,5,6-trichloor-2-pyridino";
36248;"4-chlorophenol";"4-MCP";"4-chlorophenol";"";"4-chloorfenol";
36249;"4'-Hydroxypyrimethanil";"4OH-PYRIMETHANYL";"4'-Hydroxypyrimethanil";"";"4'-Hydroxypyrimethanil";
36250;"4-Nitrophenol";"4-nitrophenol";"4-Nitrophenol";"";"4-Nitrofenol";
36251;"5-OH-thiabendazole";"5OH-THIABENDAZOLE";"5-OH-thiabendazole";"";"5-OH-thiabendazool";
36252;"Aldrin";"Aldrin";"Aldrin";"";"Aldrin";
36253;"Alpha-hexachlorocyclohexane";"α-HCH";"Alpha-hexachlorocyclohexane";"";"Alpha-hexachlorocyclohexane";
36254;"Aminomethylyphosphonic acid";"AMPA";"Aminomethylyphosphonic acid";"AMPA";"Aminomethylfosfoonzuur";111.04
36255;"Boscalid";"";"Boscalid";"";"Boscalid";
36256;"Chlorpyrifos";"chlorpyrifos";"Chlorpyrifos";"";"Chloorpyrifos";
36257;"Chlorpyrifos-methyl";"chlorpyrifos-methyl";"Chlorpyrifos-methyl";"";"Chloorpyrifos-methyl";
36258;"Chlorpyrifos-methyl-oxon";"chlorpyrifos-methyl-oxon";"Chlorpyrifos-methyl-oxon";"";"Chloorpyrifos-methyl-oxon";
36259;"Chlorpyrifos-oxon";"chlorpyrifos-oxon";"Chlorpyrifos-oxon";"";"Chloorpyrifos-oxon";
36260;"Cis-chlordane";"α-chlordane";"Cis-chlordane";"";"Cis-chlordane";
36261;"Cyprodinil-OH (hydroxycyprodinil)";"OH-CYPRODINIL";"Cyprodinil-OH (hydroxycyprodinil)";"";"Cyprodinil-OH (hydroxycyprodinil)";
36262;"Dialkyl phosphate";"";"Dialkyl phosphate";"DAP";"Dialkyl fosfaat";
36263;"Dibutyltin";"DBT";"Dibutyltin";"";"Dibutyltin";
36264;"Dieldrin";"dieldrin";"Dieldrin";"";"Dieldrin";
36265;"Diethyl alkyl phosphates";"";"Diethyl alkyl phosphates";"DEAP";"Diethylalkylphosphates";
36266;"Diethyl phosphate";"DEP";"Diethyl phosphate";"DEP";"Diethylphosphate";
36267;"Diethyl thiophosphate";"DETP";"Diethyl thiophosphate";"DETP";"Diethylthiophosphate";
36268;"Diethyldithiophosphate";"DEDTP";"Diethyldithiophosphate";"DEDTP";"Diethyldithiophosphate";
36269;"Di-isopropyl phosphate";"";"Di-isopropyl phosphate";"";"Di-isopropylfosfaat";
36270;"Dimethyl dithiophosphate";"DMDTP";"Dimethyl dithiophosphate";"DMDTP";"Dimethyldithiophosphate";
36271;"Dimethyl phosphate";"DMP";"Dimethyl phosphate";"DMP";"Dimethylphosphate";
36272;"Dimethyl thiophosphate";"DMTP";"Dimethyl thiophosphate";"DMTP";"Dimethylthiophosphate";
36273;"Dimethylalkylphosphates";"";"Dimethylalkylphosphates";"DMAP";"Dimethylalkylphosphates";
36274;"Dioctyltin";"DOT";"Dioctyltin";"";"Dioctyltin";
36275;"Diphenyltin";"DPhT";"Diphenyltin";"";"Difenyltin";
36276;"Endrin";"endrin";"Endrin";"";"Endrin";
36277;"Ethyltriphenyltin";"TPhT";"Ethyltriphenyltin";"";"Ethyltrifenyltin";
36278;"Fipronil sulfone";"";"Fipronil sulfone";"";"Fipronil sulfon";
36279;"Glyphosate";"GLY";"Glyphosate";"GLY";"Glyfosaat";169.07
36280;"Heptachlor";"HEPTACHLOR";"Heptachlor";"HEPTACHLOR";"Heptachloor";
36281;"Heptachlor exo-epoxide (cis)";"";"Heptachlor exo-epoxide (cis)";"";"Heptachloor exo-epoxide (cis)";
36282;"Heptachlor exo-epoxide (trans)";"";"Heptachlor exo-epoxide (trans)";"";"Heptachloor exo-epoxide (trans)";
36283;"Monobutyltin";"MBT";"Monobutyltin";"";"Monobutyltin";
36284;"Monooctyltin";"MOT";"Monooctyltin";"";"Monooctyltin";
36285;"Monophenyltin";"MPhT";"Monophenyltin";"";"Monofenyltin";
36286;"O,p'-Dichlorodiphenyldichloroethylene";"o,p'-DDE";"O,p'-Dichlorodiphenyldichloroethylene";"";"O,p'-dichloordifenyldichloorethyleen";
36287;"O,p'-dichlorodiphenyltrichloroethane";"o,p'-DDT";"O,p'-dichlorodiphenyltrichloroethane";"";"O,p'-dichloordifenyltrichloorethaan";
36288;"Parathion-ethyl";"";"Parathion-ethyl";"";"Parathion-ethyl";
36289;"Parathion-methyl";"";"Parathion-methyl";"";"Parathion-methyl";
36290;"Pentachlorophenol";"PCP";"Pentachlorophenol";"";"Pentachloorfenol";
36291;"Tebuconazole-OH (hydroxytebuconazole)";"OH-TEBUCONAZOLE";"Tebuconazole-OH (hydroxytebuconazole)";"";"Tebuconazool-OH (hydroxytebuconazool)";
36292;"Trans-chlordane";"γ-chlordane";"Trans-chlordane";"";"Trans-chloordaan";
36293;"Tributyltin";"TBT";"Tributyltin";"";"Tributyltin";
36294;"Trioctyltin";"TOT";"Trioctyltin";"";"Trioctyltin";
36295;"Acetamiprid-N-desmethyl";"Acetamiprid-N-desmethyl";"Acetamiprid-N-desmethyl";"Acetamiprid-N-desmethyl";"Acetamiprid-N-desmethyl";
36296;"Chlorpyrifos-methyl-desmethyl";"Chlorpyrifos-methyl-desmethyl";"Chlorpyrifos-methyl-desmethyl";"Chlorpyrifos-methyl-desmethyl";"Chlorpyrifos-methyl-desmethyl";
36297;"Boscalid-5-hydroxy";"Boscalid-5-OH";"Boscalid-5-hydroxy";"Boscalid-5-OH";"Boscalid-5-hydroxy";
36298;"2-[4-[3-chloro-5-(trifluoromethyl)pyridin-2-yl]oxyphenoxy]propanoic acid";"Haloxyfop";"2-[4-[3-chloro-5-(trifluoromethyl)pyridin-2-yl]oxyphenoxy]propanoic acid";"Haloxyfop";"2-[4-[3-chloro-5-(trifluoromethyl)pyridin-2-yl]oxyphenoxy]propanoic acid";
36299;"Difenoconazole CGA205374";"Difenoconazole CGA-205374";"Difenoconazole CGA205374";"Difenoconazole CGA-205374";"Difenoconazole CGA205374";
36300;"Myclobutanil hydroxide";"Myclobutanil-OH";"Myclobutanil hydroxide";"Myclobutanil-OH";"Myclobutanil hydroxide";
36301;"Spirotetramat enol";"Spirotetramat enol";"Spirotetramat enol";"Spirotetramat enol";"Spirotetramat enol";
36302;"Trifloxystrobin acid";"Trifloxystrobin CGA-321114";"Trifloxystrobin acid";"Trifloxystrobin CGA-321114";"Trifloxystrobin acid";
36303;"Desnitro-thiamethoxam";"Thiamethoxam-desnitro";"Desnitro-thiamethoxam";"Thiamethoxam-desnitro";"Desnitro-thiamethoxam";
36304;"Imidacloprid-5-OH";"Imidacloprid-5-OH";"Imidacloprid-5-OH";"Imidacloprid-5-OH";"Imidacloprid-5-OH";
36305;"4-Hydroxy Chlorothalonil";"Chlorothalonil-4OH";"4-Hydroxy Chlorothalonil";"Chlorothalonil-4OH";"4-Hydroxy Chlorothalonil";
36306;"2-(4-amino-3,5-dichloro-6-fluoropyridin-2-yl)oxyacetic acid";"Fluroxypyr";"2-(4-amino-3,5-dichloro-6-fluoropyridin-2-yl)oxyacetic acid";"Fluroxypyr";"2-(4-amino-3,5-dichloro-6-fluoropyridin-2-yl)oxyacetic acid";
36307;"Difenoconazole CGA205375";"Difenoconazole CGA-205375";"Difenoconazole CGA205375";"Difenoconazole CGA-205375";"Difenoconazole CGA205375";
36308;"(NE)-N-[3-[(2-chloro-1,3-thiazol-5-yl)methyl]-5-methyl-1,3,5-oxadiazinan-4-ylidene]nitramide";"Thiamethoxam";"(NE)-N-[3-[(2-chloro-1,3-thiazol-5-yl)methyl]-5-methyl-1,3,5-oxadiazinan-4-ylidene]nitramide";"Thiamethoxam";"(NE)-N-[3-[(2-chloro-1,3-thiazol-5-yl)methyl]-5-methyl-1,3,5-oxadiazinan-4-ylidene]nitramide";
36309;"1-[(2-chloro-1,3-thiazol-5-yl)methyl]-3-methyl-2-nitroguanidine";"Clothianidin";"1-[(2-chloro-1,3-thiazol-5-yl)methyl]-3-methyl-2-nitroguanidine";"Clothianidin";"1-[(2-chloro-1,3-thiazol-5-yl)methyl]-3-methyl-2-nitroguanidine";
36310;"1-[2-(2,4-dichlorophenyl)-2-prop-2-enoxyethyl]imidazole";"Imazalil";"1-[2-(2,4-dichlorophenyl)-2-prop-2-enoxyethyl]imidazole";"Imazalil";"1-[2-(2,4-dichlorophenyl)-2-prop-2-enoxyethyl]imidazole";
36311;"Fluopyram benzamide";"Fluopyram benzamide";"Fluopyram benzamide";"Fluopyram benzamide";"Fluopyram benzamide";
36312;"3-[(6-chloropyridin-3-yl)methyl-(2,2-difluoroethyl)amino]-2H-furan-5-one";"Flupyradifurone";"3-[(6-chloropyridin-3-yl)methyl-(2,2-difluoroethyl)amino]-2H-furan-5-one";"Flupyradifurone";"3-[(6-chloropyridin-3-yl)methyl-(2,2-difluoroethyl)amino]-2H-furan-5-one";
36313;"N-(cyanomethyl)-4-(trifluoromethyl)pyridine-3-carboxamide";"Flonicamid";"N-(cyanomethyl)-4-(trifluoromethyl)pyridine-3-carboxamide";"Flonicamid";"N-(cyanomethyl)-4-(trifluoromethyl)pyridine-3-carboxamide";
36314;"Ametoctradin Metabolite M650F01";"Ametoctradin-M650F01";"Ametoctradin Metabolite M650F01";"Ametoctradin-M650F01";"Ametoctradin Metabolite M650F01";
36315;"Imidacloprid olefin";"Imidacloprid olefin";"Imidacloprid olefin";"Imidacloprid olefin";"Imidacloprid olefin";
36316;"Imidacloprid desnitro";"Imidacloprid desnitro";"Imidacloprid desnitro";"Imidacloprid desnitro";"Imidacloprid desnitro";
36317;"3,5-dibromo-4-hydroxybenzonitrile";"Bromoxynil";"3,5-dibromo-4-hydroxybenzonitrile";"Bromoxynil";"3,5-dibromo-4-hydroxybenzonitrile";
36318;"Pirimiphos-methyl-desmethyl";"";"Pirimiphos-methyl-desmethyl";"";"Pirimiphos-methyl-desmethyl";
36319;"N-[(6-chloropyridin-3-yl)methyl]-N'-cyano-N-methylethanimidamide";"Acetamiprid";"N-[(6-chloropyridin-3-yl)methyl]-N'-cyano-N-methylethanimidamide";"Acetamiprid";"N-[(6-chloropyridin-3-yl)methyl]-N'-cyano-N-methylethanimidamide";
36320;"2-(4-chloro-2-methylphenoxy)acetic acid";"MCPA";"2-(4-chloro-2-methylphenoxy)acetic acid";"MCPA";"2-(4-chloro-2-methylphenoxy)acetic acid";
36321;"Propyl N-[3-(dimethylamino)propyl]carbamate";"Propamocarb";"Propyl N-[3-(dimethylamino)propyl]carbamate";"Propamocarb";"Propyl N-[3-(dimethylamino)propyl]carbamate";
36322;"2-[4-[5-(trifluoromethyl)pyridin-2-yl]oxyphenoxy]propanoic acid";"Fluazifop";"2-[4-[5-(trifluoromethyl)pyridin-2-yl]oxyphenoxy]propanoic acid";"Fluazifop";"2-[4-[5-(trifluoromethyl)pyridin-2-yl]oxyphenoxy]propanoic acid";
36323;"Imidacloprid";"Imidacloprid";"Imidacloprid";"Imidacloprid";"Imidacloprid";
36324;"Chlorpropham-4-hydroxy-O-sulfonic acid";"4-HSA";"Chlorpropham-4-hydroxy-O-sulfonic acid";"4-HSA";"Chlorpropham-4-hydroxy-O-sulfonic acid";
36325;"Fipronil";"";"Fipronil";"";"Fipronil";
36326;"Clothianidin desmethyl";"Clothianidin desmethyl";"Clothianidin desmethyl";"Clothianidin desmethyl";"Clothianidin desmethyl";
36327;"2-Isopropoxyphenol";"IPP";"2-Isopropoxyphenol";"";"2-Isopropoxyfenol";
36328;"Carbofuran-phenol";"carbofuran-phenol";"Carbofuran-phenol";"";"Carbofuran-fenol";
36329;"Ethylenethiourea";"ETU";"Ethylenethiourea";"ETU";"Ethyleenthioureum";
36330;"Propoxur";"Propoxur";"Propoxur";"";"Propoxur";
36331;"3-(2,2-dichlorovinyl)-2,2-dimethylycyclopropane carboxylic acid";"cis-DCCA";"3-(2,2-dichlorovinyl)-2,2-dimethylycyclopropane carboxylic acid";"cis-DCCA";"Cis-3-(2,2-dichloorvinyl)-2,2-dimethyl-cyclopropaan-1-carboxylzuur";209.07
36332;"3-phenoxybenzoic acid";"3PBA";"3-phenoxybenzoic acid";"3PBA";"Fenoxybenzoëzuur";214.22
36333;"4-chloro-alpha-isopropyl benzene acetic acid";"CPBA";"4-chloro-alpha-isopropyl benzene acetic acid";"";"4-chloor-alfa-isopropylbenzeenazijnzuur";
36334;"4-fluoro-3-phenoxybenzoic acid";"F-3-PBA";"4-fluoro-3-phenoxybenzoic acid";"F-3-PBA";"4-fluor-3-fenoxybenzoëzuur";232.21
36335;"Chlorotrifluorovinylcyclo-propane carboxylic acid";"CIF3CA";"Chlorotrifluorovinylcyclo-propane carboxylic acid";"CIF3CA";"Chloortrifluorvinylcyclopropaancarbonzuur";
36336;"Cis-3-(2,2-dibromovinyl)-2,2-dimethylcyclopropane-1-carboxylic acid";"cis-DBCA";"Cis-3-(2,2-dibromovinyl)-2,2-dimethylcyclopropane-1-carboxylic acid";"cis-DBCA";"Cis-3-(2,2-dibroomvinyl)-2,2-dimethyl-cyclopropaan-1-carboxylzuur";
36337;"Trans-3-(2,2-dichlorovinyl)-2,2-dimethylcyclopropane-1-carboxylic acid";"trans-DCCA";"Trans-3-(2,2-dichlorovinyl)-2,2-dimethylcyclopropane-1-carboxylic acid";"trans-DCCA";"Trans-3-(2,2-dichloorvinyl)-2,2-dimethyl-cyclopropaan-1-carboxylzuur";209.07
36338;"Cis-nonachlor";"";"Cis-nonachlor";"";"Cis-nonachloor";
36339;"Hexachlorobenzene";"HCB";"Hexachlorobenzene";"HCB";"Hexachlorobenzeen";
36340;"1,4-di-(2-ethylhexyl) trimellitate";"1,4-DEHTM";"1,4-di-(2-ethylhexyl) trimellitate";"";"1,4-di-(2-ethylhexyl)trimellitaat";
36341;"1-mono-(2-carboxyl-methyl-hexyl) benzene-1,4-dicarboxylate";"2cx-MMHTP";"1-mono-(2-carboxyl-methyl-hexyl) benzene-1,4-dicarboxylate";"2cx-MMHTP";"1-mono-(2-carboxyl-methyl-hexyl)benzeen-1,4-dicarboxylaat";
36342;"1-mono-(2-ethyl-5-carboxyl-pentyl) benzene-1,4-dicarboxylate";"5cx-MEPTP";"1-mono-(2-ethyl-5-carboxyl-pentyl) benzene-1,4-dicarboxylate";"";"1-mono-(2-ethyl-5-carboxyl-pentyl)benzeen-1,4-dicarboxylaat";
36343;"1-mono-(2-ethyl-5-hydroxy-hexyl) benzene-1,4-dicarboxylate";"5OH-MEHTP";"1-mono-(2-ethyl-5-hydroxy-hexyl) benzene-1,4-dicarboxylate";"5OH-MEHTP";"1-mono-(2-ethyl-5-hydroxy-hexyl)benzeen-1,4-dicarboxylaat";
36344;"1-mono-(2-ethyl-5-oxo-hexyl) benzene-1,4-dicarboxylate";"5oxo-MEHTP";"1-mono-(2-ethyl-5-oxo-hexyl) benzene-1,4-dicarboxylate";"";"1-mono-(2-ethyl-5-oxo-hexyl)benzeen-1,4-dicarboxylaat";
36345;"1-mono-(2-ethylhexyl) terephthalate";"MEHTP";"1-mono-(2-ethylhexyl) terephthalate";"MEHTP";"1-mono-(2-ethyl-5-hydroxy-hexyl) benzene-1,4-dicarboxylate";
36346;"2,4-di-(2-ethylhexyl) trimellitate";"2,4-DEHTM";"2,4-di-(2-ethylhexyl) trimellitate";"";"2,4-di-(2-ethylhexyl)trimellitaat";434.6
36347;"2-OH-Mono-iso-butylphthalate";"OH-MiBP";"2-OH-Mono-iso-butylphthalate";"";"2-OH-mono-isobutylftalaat";
36348;"3-carboxyl-mono-propyl phthalate";"3cx-MPP";"3-carboxyl-mono-propyl phthalate";"3cx-MPP";"3-carboxyl-monopropylftalaat";
36349;"3-OH-Mono-n-butyl phthalate";"OH-MnBP";"3-OH-Mono-n-butyl phthalate";"";"3-OH-mono-n-butylftalaat";
36350;"6-OH-mono-propyl-heptyl phthalate (GC-HRMS method, only DPHP metabolites)";"OH-MPHP";"6-OH-mono-propyl-heptyl phthalate (GC-HRMS method, only DPHP metabolites)";"6-OH-MPHP";"6-OH-Mono-propyl-heptyl ftalaat";
36351;"6-OH-Mono-propyl-heptyl phthalate (LC-MS/MS method, sum of all C10 metabolites including the DPHP metabolites)";"OH-MiDP";"6-OH-Mono-propyl-heptyl phthalate (LC-MS/MS method, sum of all C10 metabolites including the DPHP metabolites)";"OH-MiDP";"6-OH-monopropylheptylftalaat (LC-MS/MS-methode, som van alle C10-metabolieten inclusief de DPHP-metabolieten)";322.4
36352;"6-Oxo-mono-propyl-heptyl phthalate (GC-HRMS method, only DPHP metabolites)";"oxo-MPHP";"6-Oxo-mono-propyl-heptyl phthalate (GC-HRMS method, only DPHP metabolites)";"6-oxo-MPHP";"6-Oxo-Mono-propyl-heptyl ftalaat";
36353;"6-Oxo-mono-propyl-heptyl phthalate (LC-MS/MS method, sum of all C10 metabolites including the DPHP metabolites)";"oxo-MiDP";"6-Oxo-mono-propyl-heptyl phthalate (LC-MS/MS method, sum of all C10 metabolites including the DPHP metabolites)";"oxo-MiDP";"6-oxo-monopropylheptylftalaat (LC-MS/MS-methode, som van alle C10-metabolieten inclusief de DPHP-metabolieten)";
36354;"7-Carboxy-(mono-methyl- heptyl) phthalate";"cx-MiNP";"7-Carboxy-(mono-methyl- heptyl) phthalate";"cx-MiNP";"7-Carboxy-(mono-methylheptyl)ftalaat";322.36
36355;"7-OH-(Mono-methyl-octyl) phthalate";"OH-MiNP";"7-OH-(Mono-methyl-octyl) phthalate";"OH-MiNP";"Mono(7-hydroxy-isononyl) phthalate";308.37
36356;"7-Oxo-(mono-methyl-octyl) phthalate";"oxo-MiNP";"7-Oxo-(mono-methyl-octyl) phthalate";"";"7-oxo-(mono-methyloctyl)ftalaat";
36357;"Butyl benzyl phthalate";"BBP";"Butyl benzyl phthalate";"BBP";"Butylbenzylftalaat";
36358;"Diethyl phthalate";"DEP";"Diethyl phthalate";"DEP";"Diethylftalaat";
36359;"Diisobutyl phthalate";"";"Diisobutyl phthalate";"DiBP";"Di-iso-butyl ftalaat";
36360;"Di-n-butyl phthalate";"DnBP";"Di-n-butyl phthalate";"DnBP";"Di-n-butyl ftalaat";
36361;"Mono(2,7-methyl-7-carboxy-heptyl) phthalate";"cx-MiDP";"Mono(2,7-methyl-7-carboxy-heptyl) phthalate";"cx-MiDP";"Mono(2,7-methyl-7-carboxy-heptyl)ftalaat";336.38
36362;"Mono(2-carboxymethylhexyl) phthalate";"MCMHP";"Mono(2-carboxymethylhexyl) phthalate";"MCMHP";"Mono(2-carboxymethylhexyl)ftalaat";
36363;"Mono(2-ethyl-5-carboxy-pentyl) phthalate";"5cx-MEPP";"Mono(2-ethyl-5-carboxy-pentyl) phthalate";"5cx-MEPP";"Mono(2-ethyl-5-carboxypentyl) ftalaat";308.33
36364;"Mono(2-ethyl-5-hydroxyhexyl) adipate";"OH-MEHA";"Mono(2-ethyl-5-hydroxyhexyl) adipate";"OH-MEHA";"Mono(2-ethyl-5-hydroxyhexyl) adipate";
36365;"Mono(2-ethyl-5-hydroxy-hexyl) phthalate";"5OH-MEHP";"Mono(2-ethyl-5-hydroxy-hexyl) phthalate";"5OH-MEHP";"Mono-(2-ethyl-5-hydroxyhexyl)ftalaat";294.34
36366;"Mono(2-ethyl-5-oxohexyl) adipate";"oxo-MEHA";"Mono(2-ethyl-5-oxohexyl) adipate";"oxo-MEHA";"Mono(2-ethyl-5-oxohexyl) adipate";
36367;"Mono(2-ethyl-5-oxo-hexyl) phthalate";"5oxo-MEHP";"Mono(2-ethyl-5-oxo-hexyl) phthalate";"5oxo-MEHP";"Mono(2-ethyl-5-oxo-hexyl) ftalaat";292.33
36368;"Mono(2-ethylhexyl) adipate";"MEHA";"Mono(2-ethylhexyl) adipate";"MEHA";"Di-2-ethylhexyl adipaat";
36369;"Mono(2-ethylhexyl) phthalate";"MEHP";"Mono(2-ethylhexyl) phthalate";"MEHP";"Mono-2-ethylhexyl ftalaat";278.34
36370;"Mono(2-propyl-6-carboxyhexyl) phthalate";"Cx-MPHxP";"Mono(2-propyl-6-carboxyhexyl) phthalate";"Cx-MPHxP";"Mono(2-propyl-6-carboxyhexyl)ftalaat";
36371;"Mono-(2-propyl-6-carboxyhexyl) phthalate";"cx-MPHP";"Mono-(2-propyl-6-carboxyhexyl) phthalate";"cx-MPHP";"Mono(2,7-methyl-7- carboxy-heptyl) ftalaat";
36372;"Mono(2-propyl-6-hydroxyheptyl) phthalate";"OH-MPrHpP";"Mono(2-propyl-6-hydroxyheptyl) phthalate";"";"Mono(2-propyl-6-hydroxyheptyl)ftalaat";
36373;"Mono(2-propyl-6-oxoheptyl) phthalate";"oxo-MPrHpP";"Mono(2-propyl-6-oxoheptyl) phthalate";"";"Mono(2-propyl-6-oxoheptyl)ftalaat";
36374;"Mono(2-propylheptyl) phthalate";"MPHP";"Mono(2-propylheptyl) phthalate";"";"Mono(2-propylheptyl)ftalaat";
36375;"Mono-(4-hydroxypentyl) phthalate";"MHPP";"Mono-(4-hydroxypentyl) phthalate";"";"Mono-(4-hydroxypentyl)ftalaat";
36376;"Mono-(5-carboxy-n-pentyl) phthalate";"MCPeP";"Mono-(5-carboxy-n-pentyl) phthalate";"";"Mono-(5-carboxy-n-pentyl)ftalaat";
36377;"Mono-(5-hydroxyhexyl) phthalate";"MHHxP";"Mono-(5-hydroxyhexyl) phthalate";"";"Mono-(5-hydroxyhexyl)ftalaat";
36378;"Mono-(7-carboxy-n-hexyl) phthalate";"MCHxP";"Mono-(7-carboxy-n-hexyl) phthalate";"";"Mono-(7-carboxy-n-hexyl)ftalaat";
36379;"Mono-benzyl phthalate";"MBzP";"Mono-benzyl phthalate";"MBzP";"Mono-benzyl ftalaat";256.25
36380;"Mono-cyclo-hexyl phthalate";"MCHP";"Mono-cyclo-hexyl phthalate";"";"Mono-cyclo-hexylftalaat";
36381;"Mono-ethyl phthalate";"MEP";"Mono-ethyl phthalate";"MEP";"Mono-ethyl ftalaat";194.18
36382;"Mono-hydroxyheptyl phthalate";"MHHpP";"Mono-hydroxyheptyl phthalate";"";"Monohydroxyheptylftalaat";
36383;"Mono-isobutyl phthalate";"MiBP";"Mono-isobutyl phthalate";"MiBP";"Mono-isobutyl ftalaat";222.24
36384;"Mono-isopentyl phthalate";"MiPeP";"Mono-isopentyl phthalate";"";"Mono-isopentylftalaat";
36385;"Mono-iso-propyl phthalate";"MiPrP";"Mono-iso-propyl phthalate";"";"Mono-isopropylftalaat";
36386;"Mono-methyl phthalate";"MMP";"Mono-methyl phthalate";"MMP";"Mono-methyl ftalaat";
36387;"Mono-methyl-octyl phthalate";"MiNP";"Mono-methyl-octyl phthalate";"";"Monomethyloctylftalaat";
36388;"Mono-n-butyl phthalate";"MnBP";"Mono-n-butyl phthalate";"MnBP";"Mono-butyl ftalaat";222.24
36389;"Mono-n-heptyl phthalate";"MnHpP";"Mono-n-heptyl phthalate";"";"Mono-n-heptylftalaat";
36390;"Mono-n-hexyl phthalate";"MnHxP";"Mono-n-hexyl phthalate";"";"Mono-n-hexylftalaat";
36391;"Mono-n-octyl phthalate";"MnOP";"Mono-n-octyl phthalate";"";"Mono-n-octylftalaat";
36392;"Mono-n-pentyl phthalate";"MnPeP";"Mono-n-pentyl phthalate";"";"Mono-n-pentylftalaat";
36393;"Mono-propyl phthalate";"MnPrP";"Mono-propyl phthalate";"";"Monopropylftalaat";
36394;"Mono-propyl-heptyl phthalate";"MiDP";"Mono-propyl-heptyl phthalate";"MiDP";"Mono-propyl-heptyl ftalaat";
36395;"Diphenyl phosphate";"DPHP";"Diphenyl phosphate";"DPHP";"Diphenyl phosphate";
36396;"Tris(2-butoxyethyl) phosphate";"";"Tris(2-butoxyethyl) phosphate";"TBOEP";"Tris(2-butoxyethyl) phosphate";
36397;"1,2-DHP";"";"1,2-DHP";"";"1,2-DHP";
36398;"1,2-Dihydrophenanthrene-1,2-diol";"1,2-DiPHEdiol";"1,2-Dihydrophenanthrene-1,2-diol";"";"1,2-dihydrofenantreen-1,2-diol";
36399;"1-,2-dihydroxynaphthalene";"1,2-NAPH";"1-,2-dihydroxynaphthalene";"";"1-,2-dihydroxynaftaleen";160.17
36400;"1,2-Dihydroxyphenanthrene";"1,2-DHP";"1,2-Dihydroxyphenanthrene";"";"1,2-Dihydroxyfenantreen";
36401;"1-hydroxybenz[a]anthracene";"1-BaA";"1-hydroxybenz[a]anthracene";"";"1-hydroxybenz[a]antraceen";
36402;"3-hydroxybenz[a]anthracene";"3-BaA";"3-hydroxybenz[a]anthracene";"";"3-hydroxybenz[a]antraceen";
36403;"9-hydroxybenz[a]anthracene";"9-BaA";"9-hydroxybenz[a]anthracene";"";"9-hydroxybenz[a]antraceen";
36404;"1-hydroxychrysene";"1-CRY";"1-hydroxychrysene";"";"1-hydroxychryseen";
36405;"1-hydroxynaphthalene";"1-NAPH";"1-hydroxynaphthalene";"1-naphtol";"1-hydroxynaphthaleen";144.17
36406;"1-hydroxyphenanthrene";"1-PHEN";"1-hydroxyphenanthrene";"";"1-hydroxyfenantreen";194.23
36407;"1-hydroxypyrene";"1-PYR";"1-hydroxypyrene";"1-OH pyreen";"1-hydroxypyreen";
36408;"1-methylnaphthalene";"1-MN";"1-methylnaphthalene";"";"1-methylnaftaleen";
36409;"1-methylphenanthrene";"1-MP";"1-methylphenanthrene";"";"1-methylfenantreen";
36410;"2,3,5-trimethylnaphthalene";"2,3,5-TMN";"2,3,5-trimethylnaphthalene";"";"2,3,5-trimethylnaftaleen";
36411;"2-,6-dimethylnaphthalene";"2-,6-DMN";"2-,6-dimethylnaphthalene";"";"2-,6-dimethylnaftaleen";
36412;"2-ANT (2-Hydroxyanthracene)";"2-ANT";"2-Hydroxyanthracene";"";"2-Hydroxyantraceen";
36413;"2-hydroxyfluorene";"2-FLUO";"2-hydroxyfluorene";"";"2-hydroxyfluoreen";182.22
36414;"2-hydroxynaphthalene";"2-NAPH";"2-hydroxynaphthalene";"2-naphtol";"2-hydroxynaphthaleen";144.17
36415;"2-hydroxyphenanthrene";"2-PHEN";"2-hydroxyphenanthrene";"";"2-hydroxyphenanthrene";194.23
36416;"2-methylnaphthalene";"2-MN";"2-methylnaphthalene";"";"2-methylnaftaleen";
36417;"3-hydroxybenzo(a)pyrene";"3-hydroxyBaP";"3-hydroxybenzo(a)pyrene";"";"3-hydroxybenzo(a)pyreen";
36418;"3-hydroxybenzo[c]-phenanthrene";"3-BCP";"3-hydroxybenzo[c]-phenanthrene";"";"3-hydroxybenzo[c]-fenantreen";
36419;"3-Hydroxyfluoranthène";"3-OHFA";"3-Hydroxyfluoranthène";"";"3-Hydroxyfluorantheen";194.23
36420;"3-hydroxyfluorene";"3-FLUO";"3-hydroxyfluorene";"";"3-hydroxyfluoreen";182.22
36421;"3-hydroxyphenanthrene";"3-PHEN";"3-hydroxyphenanthrene";"";"3-hydroxyfenantreen";194.23
36422;"4-hydroxyphenanthrene";"4-PHEN";"4-hydroxyphenanthrene";"";"4-hydroxyphenanthrene";194.23
36423;"5-Methylchrysene";"5-MCH";"5-Methylchrysene";"";"5-Methylchryseen";
36424;"6-hydroxychrysene";"6-CRY";"6-hydroxychrysene";"";"6-hydroxychryseen";
36425;"7,12-Dimethylbenz(a)anthracene";"DMBA";"7,12-Dimethylbenz(a)anthracene";"";"7,12-Dimethylbenz(a)antraceen";
36426;"9,10-DHP";"";"9,10-DHP";"";"9,10-DHP";
36427;"9,10-Phenanthrenediol";"9,10-PHEdiol";"9,10-Phenanthrenediol";"";"9,10-fenantreendiol";
36428;"9-hydroxyfluorene";"9-FLUO";"9-hydroxyfluorene";"";"9-hydroxyfluoreen";182.22
36429;"9-hydroxyphenanthrene";"9-PHEN";"9-hydroxyphenanthrene";"";"9-hydroxyfenantreen";194.23
36430;"Acenaphthene";"ACE";"Acenaphthene";"ACE";"Acenafteen";
36431;"Acenaphthylene";"ACY";"Acenaphthylene";"ACY";"Acenaftyleen";
36432;"Anthracene";"AN";"Anthracene";"";"Antraceen";
36433;"Benz[a]anthracene";"BaA";"Benz[a]anthracene";"BaA";"Benz[a]antraceen";
36434;"Benzo[a]pyrene";"BaP";"Benzo[a]pyrene";"BaP";"Benzo[a]pyreen";
36435;"Benzo[b]fluoranthene";"BbFA";"Benzo[b]fluoranthene";"";"Benzo[b]fluorantheen";
36436;"Benzo[c]fluorene";"BcFL";"Benzo[c]fluorene";"";"Benzo[c]fluoreen";
36437;"Benzo[c]phenanthrene";"BcPh";"Benzo[c]phenanthrene";"";"Benzo[c]fenantreen";
36438;"Benzo[e]pyrene";"BeP";"Benzo[e]pyrene";"";"Benzo[e]pyreen";
36439;"Benzo[g,h,i]perylene";"BghiP";"Benzo[g,h,i]perylene";"BghiP";"Benzo[g,h,i]peryleen";
36440;"Benzo[j]fluoranthene";"BjFA";"Benzo[j]fluoranthene";"";"Benzo[j]fluorantheen";
36441;"Benzo[k]fluoranthene";"BkFA";"Benzo[k]fluoranthene";"";"Benzo[k]fluorantheen";
36442;"Chrysen-2-ol";"2-CRY";"Chrysen-2-ol";"";"Chrysen-2-ol";
36443;"Chrysen-3-ol";"3-CRY";"Chrysen-3-ol";"";"Chrysen-3-ol";
36444;"Chrysen-4-ol";"4-CRY";"Chrysen-4-ol";"";"Chrysen-4-ol";
36445;"Chrysene";"CRY";"Chrysene";"PAK_CHR";"Chryseen";
36446;"Cyclopenta[c,d]pyrene";"CPP";"Cyclopenta[c,d]pyrene";"";"Cyclopenta[c,d]pyreen";
36447;"Dibenzo[a,e]pyrene";"DBaeP";"Dibenzo[a,e]pyrene";"";"Dibenzo[a,e]pyreen";
36448;"Dibenzo[a,h]anthracene";"DBahA";"Dibenzo[a,h]anthracene";"PAK_DAHA";"Dibenzo[a,h]antraceen";
36449;"Dibenzo[a,i]pyrene";"DBaiP";"Dibenzo[a,i]pyrene";"";"Dibenzo[a,i]pyreen";
36450;"Dibenzo[a,l]pyrene";"DBalP";"Dibenzo[a,l]pyrene";"";"Dibenzo[a,l]pyreen";
36451;"Fluoranthene";"FLA";"Fluoranthene";"PAK_FLT";"Fluorantheen";
36452;"Fluorene";"FLUO";"Fluorene";"PAK_FLU";"Fluoreen";
36453;"Indeno[1,2,3-cd]pyrene";"IP";"Indeno[1,2,3-cd]pyrene";"PAK_IP";"Indeno[1,2,3-cd]pyreen";
36454;"Naphthalene";"NAPH";"Naphthalene";"";"Naftaleen";
36455;"Phenanthrene";"PHE";"Phenanthrene";"";"Fenantreen";
36456;"Phenanthrene-1,2,3,4-tetrol";"PHE-tetrol";"Phenanthrene-1,2,3,4-tetrol";"";"Fenantreen-1,2,3,4-tetrol";
36457;"Pyrene";"PYR";"Pyrene";"PAK_PYR";"Pyreen";
36458;"Bloodgroup";"";"Bloodgroup";"";"Bloedgroep";
36459;"Rhesus D";"";"Rhesus D";"";"Rhesus D";
36460;"Rhesus Formula";"";"Rhesus Formula";"";"Rhesusformule";
36461;"Dry substance";"";"Dry substance";"";"Percentage droge stof";
36462;"Lutum content (fraction <2µm)";"";"Lutum content (fraction <2µm)";"";"Lutum gehalte (fraktie <2µm)";
36463;"Organic material";"";"Organic material";"";"Percentage organisch materiaal";
36464;"PH in 1M KCl";"";"PH in 1M KCl";"";"PH in 1M KCl";
36465;"Total organic carbon";"TOC";"Total organic carbon";"TOC";"Percentage totaal organisch koolstof";
36466;"Creatinine";"CRT";"Creatinine";"CRT";"Creatinine";
36467;"Osmotic concentration of urine of the sample";"";"Osmotic concentration of urine of the sample";"";"Osmotische concentratie van urine van het staal";
36468;"Specific gravity";"SG";"Specific gravity";"SG";"Soortelijk gewicht";
36469;"Urine density of the sample";"";"Urine density of the sample";"";"Urinedichtheid van het staal";
36470;"Urine void volume per 24h";"";"Urine void volume per 24h";"";"Urinevolume per 24 uur";
36471;"Urine volume";"";"Urine volume";"";"Urine volume";
36472;"Percentage of DNA methylation at KISS CpG1";"(gemeten of berekend?)";"Percentage of DNA methylation at KISS CpG1";"";"Percentage DNA-methylering bij KISS CpG1";
36473;"Percentage of DNA methylation at KISS CpG2";"";"Percentage of DNA methylation at KISS CpG2";"";"Percentage DNA-methylering bij KISS CpG2";
36474;"Percentage of DNA methylation at KISS CpG3";"";"Percentage of DNA methylation at KISS CpG3";"";"Percentage DNA-methylering bij KISS CpG3";
36475;"Percentage of DNA methylation at KISS CpG4";"";"Percentage of DNA methylation at KISS CpG4";"";"Percentage DNA-methylering bij KISS CpG4";
36476;"17beta-oestradiol";"";"17beta-oestradiol";"E2";"17beta-estradiol";
36477;"17-hydroxyprogesteron";"";"17-hydroxyprogesteron";"17OHP";"17-hydroxyprogesteron";
36478;"Aromatase";"";"Aromatase";"aromatase";"Aromatase";
36479;"Bioavailable estradio";"";"Bioavailable estradio";"BIOE2";"Biobeschikbaar estradiol";
36480;"Bioavailable testosterone";"";"Bioavailable testosterone";"BIOTESTO";"Biobeschikbaar testosteron";
36481;"Estradiol";"";"Estradiol";"";"Oestradiol";
36482;"Follicle-stimulating hormone";"FSH";"Follicle-stimulating hormone";"FSH";"Follikelstimulerend hormoon";
36483;"Free 17beta-estradiol";"";"Free 17beta-estradiol";"FRE2";"Vrij estradiol";
36484;"Free Testosterone";"";"Free Testosterone";"FRTESTO";"Vrij testosteron";
36485;"Free Testosterone index";"";"Free Testosterone index";"";"Vrij testosteron index";
36486;"Inhibine B";"";"Inhibine B";"INHIBB";"Inhibine B";
36487;"Luteinizing hormone";"LH";"Luteinizing hormone";"LH";"Luteïniserend hormoon";
36488;"Progesterone";"";"Progesterone";"";"Progesteron";
36489;"Sex Hormone Binding Globulin";"SHBG";"Sex Hormone Binding Globulin";"SHBG";"Sekshormoon bindend globuline";
36490;"Testosterone";"";"Testosterone";"TESTO";"Testosteron";
36491;"Cortisol";"";"Cortisol";"CORTISOL";"Cortisol";
36492;"Free thyroxine";"FT4";"Free thyroxine";"FT4";"Vrij thyroxine";776.87
36493;"Free triiodothyronine";"FT3";"Free triiodothyronine";"FT3";"Vrij triiodothyronine";650.9776
36494;"HIstone modification THRA (Thyroid receptor alfa): normalised expression compared to RPLP0";"";"HIstone modification THRA (Thyroid receptor alfa): normalised expression compared to RPLP0";"";"HIstone-modificatie THRA (schildklierreceptor alfa): genormaliseerde expressie in vergelijking met RPLP0";
36495;"HIstone modification THRB (Thyroid receptor beta): normalised expression compared to RPLP0";"";"HIstone modification THRB (Thyroid receptor beta): normalised expression compared to RPLP0";"";"HIstone-modificatie THRB (schildklierreceptor beta): genormaliseerde expressie in vergelijking met RPLP0";
36496;"Thyroid-stimulating hormone";"TSH";"Thyroid-stimulating hormone";"TSH";"Thyroïd stimulerend hormoon";
36497;"Total thyroxine";"";"Total thyroxine";"";"Totaal thyroxine";
36498;"Total triiodothyronine";"";"Total triiodothyronine";"";"Totaal trijoodthyronine";
36499;"2,3,4 trihydroxybenzophenone";"THB";"2,3,4 trihydroxybenzophenone";"THB";"2,3,4 trihydroxybenzofenon";
36500;"2,4-dihydroxylbenzophenone";"DHB";"2,4-dihydroxylbenzophenone";"DHB";"2,4-dihydroxybenzofenon";
36501;"2-Ethylhexyl 4-(dimethylamino)benzoate";"";"2-Ethylhexyl 4-(dimethylamino)benzoate";"DABI";"Octyl dimethyl PABA";
36502;"3-benzylidene camphor";"";"3-benzylidene camphor";"3-BC";"3-benzylidene camfor";
36503;"4-hydroxy-benzophenone";"4OH-BP";"4-hydroxy-benzophenone";"";"4-hydroxybenzofenon";
36504;"4-methyl-benzophenone";"4-MBP";"4-methyl-benzophenone";"";"4-methyl-benzofenon";
36505;"4-methylbenzylidene camphor";"";"4-methylbenzylidene camphor";"4-MBC";"4-methylbenzylidene camfor";
36506;"Benzophenone";"BP";"Benzophenone";"";"Benzofenon";
36507;"Benzophenone 1";"BP-1";"Benzophenone 1";"BP-1";"Benzofenon 1";
36508;"Benzophenone 2";"BP-2";"Benzophenone 2";"BP-2";"Benzofenon 2";
36509;"Benzophenone 3";"BP-3";"Benzophenone 3";"BP-3";"Benzofenon 3";
36510;"Benzophenone 4";"BP-4";"Benzophenone 4";"BP-4";"Benzofenon 4";
36511;"Benzophenone 6";"BP-6";"Benzophenone 6";"BP-6";"Benzofenon 6";
36512;"Benzophenone 7";"BP-7";"Benzophenone 7";"BP-7";"Benzofenon 7";
36513;"Benzophenone 8";"BP-8";"Benzophenone 8";"BP-8";"Benzofenon 8";
36514;"Homosalate";"";"Homosalate";"HMS";"Homosalate";
36515;"Isoamyl p-methoxycinnamate";"";"Isoamyl p-methoxycinnamate";"IMZ";"Isoamyl p-methoxycinnamaat";
36516;"Octyl methoxycinnamate";"";"Octyl methoxycinnamate";"OMC";"Octyl methoxycinnamaat";
36517;"Vitamin A";"VitA";"Vitamin A";"VitA";"Vitamine A";
36518;"Vitamin B";"VitB";"Vitamin B";"VitB";"Vitamine B";
36519;"Vitamin B12";"VitB12";"Vitamin B12";"VitB12";"Vitamine B12";
36520;"Vitamin D";"VitD";"Vitamin D";"VitD";"Vitamine D";
36521;"Vitamin E";"VitE";"Vitamin E";"VitE";"Vitamine E";
36522;"1,1,1,3,3,3-Hexafluoro-2-(fluoromethoxy)propane";"Sevoflurane";"1,1,1,3,3,3-Hexafluoro-2-(fluoromethoxy)propane";"";"1,1,1,3,3,3-hexafluor-2-(fluormethoxy)propaan";
36523;"Mercapturic acid";"";"Mercapturic acid";"";"Mercaptuurzuur";
36524;"T,t-muconic acid";"";"T,t-muconic acid";"";"T,t’-muconzuur";
36525;"Glycidamide";"";"Glycidamide";"";"Glycidamide";
36526;"Acrylamide";"";"Acrylamide";"";"Acrylamide";
36527;"2,4-Toluenediisocyanate";"2,4TDI";"2,4-Toluenediisocyanate";"";"2,4-Tolueendiisocyanaat";
36528;"2,6-Toluenediisocyanate";"2,6TDI";"2,6-Toluenediisocyanate";"";"2,6-Tolueendiisocyanaat";
36529;"4,4'-methylenediphenyl-diisocyanate";"MDI";"4,4'-methylenediphenyl-diisocyanate";"";"4,4'-methyleendifenyldiisocyanaat";
36530;"N-ethyl-2-pyrrolidone";"NEP";"N-ethyl-2-pyrrolidone";"";"N-ethyl-2-pyrrolidon";
36531;"N-methyl-2-pyrrolidone";"NMP";"N-methyl-2-pyrrolidone";"";"N-methyl-2-pyrrolidon";
36532;"N,N-Dimethylformamide";"DMF";"N,N-Dimethylformamide";"";"N,N-dimethylformamide";
36533;"N,N-Dimethylacetamide";"DMAc";"N,N-Dimethylacetamide";"";"N,N-dimethylaceetamide";
36534;"Di-isononyl cyclohexane-1,2-dicarboxylate";"DINCH";"Di-isononyl cyclohexane-1,2-dicarboxylate";"";"Diisononylcyclohexaan-1,2-dicarboxylaat";
36535;"Tris(2chloroisopropyl)phosphate";"TCIPP";"Tris(2chloroisopropyl)phosphate";"";"Tris(2chloorisopropyl)fosfaat";
36536;"2-ethylhexyl diphenyl phosphate";"EHDPHP";"2-ethylhexyl diphenyl phosphate";"";"2-ethylhexyldifenylfosfaat";
36537;"Tris(1,3-dichloro-2-propyl) phosphate";"TDCIPP";"Tris(1,3-dichloro-2-propyl) phosphate";"";"Tris(1,3-dichloor-2-propyl)fosfaat";
36538;"Tri-(2-ethylhexyl) phosphate";"TEHP";"Tri-(2-ethylhexyl) phosphate";"";"Tri-(2-ethylhexyl)fosfaat";
36539;"2-(2-(2-methoxyethoxy)ethoxy)ethanol";"TEGME";"2-(2-(2-methoxyethoxy)ethoxy)ethanol";"";"2-(2-(2-methoxyethoxy)ethoxy)ethanol";
36540;"2-(2-methoxyethoxy)ethanol";"DEGME";"2-(2-methoxyethoxy)ethanol";"";"2-(2-methoxyethoxy)ethanol";
36541;"2-(2-(2-butoxyethoxy)ethoxy)ethanol";"TEGBE";"2-(2-(2-butoxyethoxy)ethoxy)ethanol";"";"2-(2-(2-butoxyethoxy)ethoxy)ethanol";
36542;"2-(2-butoxyethoxy)ethanol";"DEGBE";"2-(2-butoxyethoxy)ethanol";"";"2-(2-butoxyethoxy)ethanol";
36543;"2-butoxyethanol";"EGBE";"2-butoxyethanol";"";"2-butoxyethanol";
36544;"1,2-diethoxyethane";"EGDEE";"1,2-diethoxyethane";"";"1,2-diethoxyethaan";
36545;"2-(2-(2-ethoxyethoxy)ethoxy)ethanol";"TEGEE";"2-(2-(2-ethoxyethoxy)ethoxy)ethanol";"";"2-(2-(2-ethoxyethoxy)ethoxy)ethanol";
36546;"2-(2-ethoxyethoxy)ethanol";"DEGEE";"2-(2-ethoxyethoxy)ethanol";"";"2-(2-ethoxyethoxy)ethanol";
36547;"2-ethoxyethanol";"EGEE";"2-ethoxyethanol";"";"2-ethoxyethanol";
36548;"Bis(2-ethoxyethyl) ether";"DEGDEE";"Bis(2-ethoxyethyl) ether";"";"Bis(2-ethoxyethyl)ether";
36549;"1,2-bis(2-methoxyethoxy)ethane";"TEGDME";"1,2-bis(2-methoxyethoxy)ethane";"";"1,2-bis(2-methoxyethoxy)ethaan";
36550;"1,2-dimethoxyethane";"EGDME";"1,2-dimethoxyethane";"";"1,2-dimethoxyethaan";
36551;"2-methoxyethanol";"EGME";"2-methoxyethanol";"";"2-methoxyethanol";
36552;"Bis(2-methoxyethyl) ether";"DEGDME";"Bis(2-methoxyethyl) ether";"";"Bis(2-methoxyethyl)ether";
36553;"2-phenoxyethanol";"EGPhE";"2-phenoxyethanol";"";"2-fenoxyethanol";
36554;"2-(propyloxy)ethanol";"EGnPE";"2-(propyloxy)ethanol";"";"2-(propyloxy)ethanol";
36555;"2-methoxypropanol";"1PG2ME";"2-methoxypropanol";"";"2-methoxypropanol";
36556;"Ethyl 4-hydroxybenzoate";"";"Ethyl 4-hydroxybenzoate";"";"Ethyl 4-hydroxybenzoate";
36557;"Methyl 4-hydroxybenzoate";"";"Methyl 4-hydroxybenzoate";"";"Methyl 4-hydroxybenzoate";
36558;"Polychlorinated biphenyl";"PCB";"Polychlorinated biphenyl";"PCB";"Polychlorinated biphenyl";
36559;"Dioxins/furans and related compounds";"";"Dioxins/furans and related compounds";"";"Dioxins/furans and related compounds";
36560;"Chlordane";"";"Chlordane";"";"Chloordaan";
36561;"Hexachlorocyclohexane";"HCH";"Hexachlorocyclohexane";"";"Hexachloorcyclohexaan";
36562;"Diuron";"";"Diuron";"";"Diuron";
36563;"HCH";"";"HCH";"";"HCH";
36564;"1,4-Dichlorobenzene";"";"1,4-Dichlorobenzene";"";"1,4-dichloorbenzeen";
36565;"Pirimiphos-methyl";"";"Pirimiphos-methyl";"";"Pirimifos-methyl";
36566;"Deltamethrin";"";"Deltamethrin";"";"Deltamethrin";
36567;"Pyrimethanil";"";"Pyrimethanil";"";"Pyrimethanil";
36568;"Parathion";"";"Parathion";"";"Parathion";
36569;"Thiabenadazole";"";"Thiabenadazole";"";"Thiabenadazool";
36570;"Cyprodinil";"";"Cyprodinil";"";"Cyprodinil";
36571;"Chlorpyrifos (and other diethyl organophosphate insecticides)";"";"Chlorpyrifos (and other diethyl organophosphate insecticides)";"";"Chloorpyrifos (en andere diethylorganofosfaatinsecticiden)";
36572;"Chlorpyrifos-methyl (and other dimethyl organophosphate insecticides)";"";"Chlorpyrifos-methyl (and other dimethyl organophosphate insecticides)";"";"Chloorpyrifos-methyl (en andere dimethylorganofosfaatinsecticiden)";
36573;"Dimethoate";"";"Dimethoate";"";"Dimethoaat";
36574;"DDT";"";"DDT";"";"DDT";
36575;"Tebuconazole";"";"Tebuconazole";"";"Tebuconazol";
36576;"1-[[2-[2-chloro-4-(4-chlorophenoxy)phenyl]-4-methyl-1,3-dioxolan-2-yl]methyl]-1,2,4-triazole";"Difenoconazole";"1-[[2-[2-chloro-4-(4-chlorophenoxy)phenyl]-4-methyl-1,3-dioxolan-2-yl]methyl]-1,2,4-triazole";"Difenoconazole";"1-[[2-[2-chloro-4-(4-chlorophenoxy)phenyl]-4-methyl-1,3-dioxolan-2-yl]methyl]-1,2,4-triazole";
36577;"2-(4-chlorophenyl)-2-(1,2,4-triazol-1-ylmethyl)hexanenitrile";"Myclobutanil";"2-(4-chlorophenyl)-2-(1,2,4-triazol-1-ylmethyl)hexanenitrile";"Myclobutanil";"2-(4-chlorophenyl)-2-(1,2,4-triazol-1-ylmethyl)hexanenitrile";
36578;"[3-(2,5-dimethylphenyl)-8-methoxy-2-oxo-1-azaspiro[4.5]dec-3-en-4-yl] ethyl carbonate";"Spirotetramat";"[3-(2,5-dimethylphenyl)-8-methoxy-2-oxo-1-azaspiro[4.5]dec-3-en-4-yl] ethyl carbonate";"Spirotetramat";"[3-(2,5-dimethylphenyl)-8-methoxy-2-oxo-1-azaspiro[4.5]dec-3-en-4-yl] ethyl carbonate";
36579;"Methyl (2Z)-2-methoxyimino-2-[2-[[(Z)-1-[3-(trifluoromethyl)phenyl]ethylideneamino]oxymethyl]phenyl]acetate";"Trifloxystrobin";"Methyl (2Z)-2-methoxyimino-2-[2-[[(Z)-1-[3-(trifluoromethyl)phenyl]ethylideneamino]oxymethyl]phenyl]acetate";"Trifloxystrobin";"Methyl (2Z)-2-methoxyimino-2-[2-[[(Z)-1-[3-(trifluoromethyl)phenyl]ethylideneamino]oxymethyl]phenyl]acetate";
36580;"2,4,5,6-tetrachlorobenzene-1,3-dicarbonitrile";"Chlorothalonil";"2,4,5,6-tetrachlorobenzene-1,3-dicarbonitrile";"Chlorothalonil";"2,4,5,6-tetrachlorobenzene-1,3-dicarbonitrile";
36581;"N-[2-[3-chloro-5-(trifluoromethyl)pyridin-2-yl]ethyl]-2-(trifluoromethyl)benzamide";"Fluopyram";"N-[2-[3-chloro-5-(trifluoromethyl)pyridin-2-yl]ethyl]-2-(trifluoromethyl)benzamide";"Fluopyram";"N-[2-[3-chloro-5-(trifluoromethyl)pyridin-2-yl]ethyl]-2-(trifluoromethyl)benzamide";
36582;"5-ethyl-6-octyl-[1,2,4]triazolo[1,5-a]pyrimidin-7-amine";"Ametoctradin";"5-ethyl-6-octyl-[1,2,4]triazolo[1,5-a]pyrimidin-7-amine";"Ametoctradin";"5-ethyl-6-octyl-[1,2,4]triazolo[1,5-a]pyrimidin-7-amine";
36583;"Propan-2-yl N-(3-chlorophenyl)carbamate";"Chlorpropham";"Propan-2-yl N-(3-chlorophenyl)carbamate";"Chlorpropham";"Propan-2-yl N-(3-chlorophenyl)carbamate";
36584;"Carbofuran";"";"Carbofuran";"";"Carbofuran";
36585;"Ethylenebisdithiocarbamates";"EBDCs";"Ethylenebisdithiocarbamates";"";"Ethyleenbisdithiocarbamaten";
36586;"Cyfluthrin";"";"Cyfluthrin";"";"Cyfluthrine";
36587;"Cypermethrin";"";"Cypermethrin";"";"Cypermethrin";
36588;"Permethrin";"";"Permethrin";"";"Permethrin";
36589;"Cyhalothrin";"";"Cyhalothrin";"";"Cyhalothrin";
36590;"Fenpropathrin";"";"Fenpropathrin";"";"Fenpropathrin";
36591;"Fenvalerate";"";"Fenvalerate";"";"Fenvaleraat";
36592;"Esfenvalerate";"";"Esfenvalerate";"";"Esfenvaleraat";
36593;"Bifenthrin";"";"Bifenthrin";"";"Bifenthrine";
36594;"Trans-cyfluthrin";"";"Trans-cyfluthrin";"";"Trans-cyfluthrin";
36595;"Trans-cypermethrin";"";"Trans-cypermethrin";"";"Trans-cypermethrin";
36596;"Trans-permethrin";"";"Trans-permethrin";"";"Trans-permethrine";
36597;"Tri-(2-ethylhexyl) trimellitate";"TOTM";"Tri-(2-ethylhexyl) trimellitate";"";"Tri-(2-ethylhexyl)trimellitaat";
36598;"Di-2-ethylhexyl terephthalate";"DEHTP";"Di-2-ethylhexyl terephthalate";"";"Di-2-ethylhexyltereftalaat";
36599;"Di-isobutyl phthalate";"DiBP";"Di-isobutyl phthalate";"";"Di-isobutylftalaat";
36600;"Di(2-propylheptyl) phthalate";"DPHP";"Di(2-propylheptyl) phthalate";"";"Di-2-propylheptyl ftalaat";
36601;"Di-isodecyl phthalate (all C10 phthalates including DPHP)";"DiDP";"Di-isodecyl phthalate (all C10 phthalates including DPHP)";"";"Di-isodecylftalaat (alle C10-ftalaten inclusief DPHP)";
36602;"Di-isononyl phthalate";"DiNP";"Di-isononyl phthalate";"";"Diisononylftalaat";
36603;"Di(2-ethylhexyl) phthalate";"DEHP";"Di(2-ethylhexyl) phthalate";"";"Di-2-ethylhexyl ftalaat";
36604;"Di-2-ethylhexyl adipate";"DEHA";"Di-2-ethylhexyl adipate";"";"Di-2-ethylhexyladipaat";
36605;"Di-n-pentyl phthalate";"DnPeP";"Di-n-pentyl phthalate";"";"Di-n-pentylftalaat";
36606;"Di-n-hexyl phthalate";"DnHxP";"Di-n-hexyl phthalate";"";"Di-n-hexylftalaat";
36607;"Di-n-heptyl phthalate";"DnHpP";"Di-n-heptyl phthalate";"";"Di-n-heptylftalaat";
36608;"Dicyclohexyl phthalate";"DCHP";"Dicyclohexyl phthalate";"";"Dicyclohexylftalaat";
36609;"Di-isopentyl phthalate";"DiPeP";"Di-isopentyl phthalate";"";"Di-isopentylftalaat";
36610;"Di-isopropyl phthalate";"DiPrP";"Di-isopropyl phthalate";"";"Di-isopropylftalaat";
36611;"Dimethyl phthalate";"DMP";"Dimethyl phthalate";"";"Dimethyl ftalaat";
36612;"Di-n-octyl phthalate";"DnOP";"Di-n-octyl phthalate";"";"Di-n-octylftalaat";
36613;"Di-n-propyl phthalate";"DnPrP";"Di-n-propyl phthalate";"";"Di-n-propylftalaat";
36614;"Benzene";"";"Benzene";"";"Benzene";
